variant,id,split,library,expected,outcome,durationMs,count,queriedControlCount,strategy,reason,error
"fresh-document","text","development","resolver-v2","eligible","correct","5.0999999940395355","","42","semantic","",""
"fresh-document","text","development","finder-default","eligible","correct","4.080582999999933","1","","","",""
"fresh-document","text","development","finder-filtered","eligible","correct","3.080207999999857","1","","","",""
"fresh-document","text","development","dom-to-locator","eligible","correct","6.024249999999938","1","","","",""
"fresh-document","text","development","mizchi","eligible","correct","4.116875000000164","1","","","",""
"fresh-document","email","development","resolver-v2","eligible","correct","1.6000000089406967","","42","semantic","",""
"fresh-document","email","development","finder-default","eligible","correct","3.824417000000267","1","","","",""
"fresh-document","email","development","finder-filtered","eligible","correct","2.740708000000268","1","","","",""
"fresh-document","email","development","dom-to-locator","eligible","correct","4.3972499999999854","1","","","",""
"fresh-document","email","development","mizchi","eligible","correct","3.49541599999975","1","","","",""
"fresh-document","select","development","resolver-v2","eligible","correct","1.4000000059604645","","42","semantic","",""
"fresh-document","select","development","finder-default","eligible","correct","3.6064580000002024","1","","","",""
"fresh-document","select","development","finder-filtered","eligible","correct","2.637666000000081","1","","","",""
"fresh-document","select","development","dom-to-locator","eligible","correct","3.275416999999834","1","","","",""
"fresh-document","select","development","mizchi","eligible","correct","3.3017919999997503","1","","","",""
"fresh-document","number","development","resolver-v2","eligible","correct","1.6000000089406967","","42","semantic","",""
"fresh-document","number","development","finder-default","eligible","correct","3.8669590000004064","1","","","",""
"fresh-document","number","development","finder-filtered","eligible","correct","2.59637500000008","1","","","",""
"fresh-document","number","development","dom-to-locator","eligible","correct","4.123082999999951","1","","","",""
"fresh-document","number","development","mizchi","eligible","correct","3.361041000000114","1","","","",""
"fresh-document","checkbox","development","resolver-v2","eligible","correct","1.4000000059604645","","42","semantic","",""
"fresh-document","checkbox","development","finder-default","eligible","correct","3.3452079999997295","1","","","",""
"fresh-document","checkbox","development","finder-filtered","eligible","correct","2.7678329999998823","1","","","",""
"fresh-document","checkbox","development","dom-to-locator","eligible","correct","3.6418750000002547","1","","","",""
"fresh-document","checkbox","development","mizchi","eligible","correct","2.704917000000023","1","","","",""
"fresh-document","switch","development","resolver-v2","eligible","correct","1.2999999970197678","","42","semantic","",""
"fresh-document","switch","development","finder-default","eligible","correct","4.853708000000097","1","","","",""
"fresh-document","switch","development","finder-filtered","eligible","correct","3.0299999999997453","1","","","",""
"fresh-document","switch","development","dom-to-locator","eligible","correct","3.5741250000000946","1","","","",""
"fresh-document","switch","development","mizchi","eligible","correct","3.163542000000234","1","","","",""
"fresh-document","textarea","development","resolver-v2","eligible","correct","1.4000000059604645","","42","semantic","",""
"fresh-document","textarea","development","finder-default","eligible","correct","3.3456249999999272","1","","","",""
"fresh-document","textarea","development","finder-filtered","eligible","correct","2.734375","1","","","",""
"fresh-document","textarea","development","dom-to-locator","eligible","correct","3.843417000000045","1","","","",""
"fresh-document","textarea","development","mizchi","eligible","correct","3.5000419999996666","1","","","",""
"fresh-document","date","development","resolver-v2","eligible","correct","1.5","","42","semantic","",""
"fresh-document","date","development","finder-default","eligible","correct","3.541917000000012","1","","","",""
"fresh-document","date","development","finder-filtered","eligible","correct","2.7623749999997926","1","","","",""
"fresh-document","date","development","dom-to-locator","eligible","correct","3.6872920000000704","1","","","",""
"fresh-document","date","development","mizchi","eligible","correct","7.188499999999749","1","","","",""
"fresh-document","continue","development","resolver-v2","eligible","correct","1.5","","42","semantic","",""
"fresh-document","continue","development","finder-default","eligible","correct","3.4800420000001395","1","","","",""
"fresh-document","continue","development","finder-filtered","eligible","correct","2.9267500000000837","1","","","",""
"fresh-document","continue","development","dom-to-locator","eligible","correct","4.9503749999998945","1","","","",""
"fresh-document","continue","development","mizchi","eligible","correct","3.537083000000166","1","","","",""
"fresh-document","icon-button","development","resolver-v2","eligible","correct","1.4000000059604645","","42","semantic","",""
"fresh-document","icon-button","development","finder-default","eligible","correct","3.6784590000002026","1","","","",""
"fresh-document","icon-button","development","finder-filtered","eligible","correct","2.542124999999942","1","","","",""
"fresh-document","icon-button","development","dom-to-locator","eligible","correct","4.058332999999948","1","","","",""
"fresh-document","icon-button","development","mizchi","eligible","correct","3.1581670000000486","1","","","",""
"fresh-document","repeat-anna","development","resolver-v2","eligible","correct","1.2000000029802322","","42","semantic","",""
"fresh-document","repeat-anna","development","finder-default","eligible","correct","3.5688340000001517","1","","","",""
"fresh-document","repeat-anna","development","finder-filtered","eligible","correct","2.6214999999997417","1","","","",""
"fresh-document","repeat-anna","development","dom-to-locator","eligible","correct","3.6640409999999974","1","","","",""
"fresh-document","repeat-anna","development","mizchi","eligible","correct","3.9339169999998376","1","","","",""
"fresh-document","repeat-boris","development","resolver-v2","eligible","correct","1.5","","42","semantic","",""
"fresh-document","repeat-boris","development","finder-default","eligible","correct","3.650499999999738","1","","","",""
"fresh-document","repeat-boris","development","finder-filtered","eligible","correct","2.767707999999857","1","","","",""
"fresh-document","repeat-boris","development","dom-to-locator","eligible","correct","3.193584000000101","1","","","",""
"fresh-document","repeat-boris","development","mizchi","eligible","correct","3.6190419999998085","1","","","",""
"fresh-document","indistinguishable-a","development","resolver-v2","indistinguishable","ambiguous","1.1000000089406967","","42","","duplicate-context",""
"fresh-document","indistinguishable-a","development","finder-default","indistinguishable","wrong","2.6921669999996993","1","","","",""
"fresh-document","indistinguishable-a","development","finder-filtered","indistinguishable","wrong","3.1436249999997017","1","","","",""
"fresh-document","indistinguishable-a","development","dom-to-locator","indistinguishable","wrong","3.5837500000002365","1","","","",""
"fresh-document","indistinguishable-a","development","mizchi","indistinguishable","wrong","3.6180410000001757","1","","","",""
"fresh-document","indistinguishable-b","development","resolver-v2","indistinguishable","ambiguous","1.2000000029802322","","42","","duplicate-context",""
"fresh-document","indistinguishable-b","development","finder-default","indistinguishable","wrong","3.1295420000001286","1","","","",""
"fresh-document","indistinguishable-b","development","finder-filtered","indistinguishable","wrong","3.307542000000012","1","","","",""
"fresh-document","indistinguishable-b","development","dom-to-locator","indistinguishable","wrong","3.6585000000000036","1","","","",""
"fresh-document","indistinguishable-b","development","mizchi","indistinguishable","wrong","3.8852499999998145","1","","","",""
"fresh-document","phone","held-out","resolver-v2","eligible","correct","1.2999999970197678","","42","semantic","",""
"fresh-document","phone","held-out","finder-default","eligible","correct","3.0164589999999407","1","","","",""
"fresh-document","phone","held-out","finder-filtered","eligible","correct","3.41800000000012","1","","","",""
"fresh-document","phone","held-out","dom-to-locator","eligible","correct","3.6826670000000377","1","","","",""
"fresh-document","phone","held-out","mizchi","eligible","correct","2.53262500000028","1","","","",""
"fresh-document","url","held-out","resolver-v2","eligible","correct","1.2999999970197678","","42","semantic","",""
"fresh-document","url","held-out","finder-default","eligible","correct","2.9104169999995975","1","","","",""
"fresh-document","url","held-out","finder-filtered","eligible","correct","3.2324170000001686","1","","","",""
"fresh-document","url","held-out","dom-to-locator","eligible","correct","3.0917920000001686","1","","","",""
"fresh-document","url","held-out","mizchi","eligible","correct","2.9002080000000205","1","","","",""
"fresh-document","placeholder-search","held-out","resolver-v2","eligible","correct","1.5","","42","semantic","",""
"fresh-document","placeholder-search","held-out","finder-default","eligible","correct","3.704750000000331","1","","","",""
"fresh-document","placeholder-search","held-out","finder-filtered","eligible","correct","2.980250000000069","1","","","",""
"fresh-document","placeholder-search","held-out","dom-to-locator","eligible","correct","3.0668329999998605","1","","","",""
"fresh-document","placeholder-search","held-out","mizchi","eligible","correct","2.7397500000001855","1","","","",""
"fresh-document","aria-name","held-out","resolver-v2","eligible","correct","1.2000000029802322","","42","semantic","",""
"fresh-document","aria-name","held-out","finder-default","eligible","correct","3.4534170000001723","1","","","",""
"fresh-document","aria-name","held-out","finder-filtered","eligible","correct","2.852957999999944","1","","","",""
"fresh-document","aria-name","held-out","dom-to-locator","eligible","correct","4.024457999999868","1","","","",""
"fresh-document","aria-name","held-out","mizchi","eligible","correct","2.808292000000165","1","","","",""
"fresh-document","quantity","held-out","resolver-v2","eligible","correct","1.2999999970197678","","42","semantic","",""
"fresh-document","quantity","held-out","finder-default","eligible","correct","3.05791599999975","1","","","",""
"fresh-document","quantity","held-out","finder-filtered","eligible","correct","2.7627919999999904","1","","","",""
"fresh-document","quantity","held-out","dom-to-locator","eligible","correct","3.440958000000137","1","","","",""
"fresh-document","quantity","held-out","mizchi","eligible","correct","3.3382919999999103","1","","","",""
"fresh-document","radio-online","held-out","resolver-v2","eligible","correct","1.2999999970197678","","42","semantic","",""
"fresh-document","radio-online","held-out","finder-default","eligible","correct","3.524499999999989","1","","","",""
"fresh-document","radio-online","held-out","finder-filtered","eligible","correct","2.7937919999999394","1","","","",""
"fresh-document","radio-online","held-out","dom-to-locator","eligible","correct","3.4462499999999636","1","","","",""
"fresh-document","radio-online","held-out","mizchi","eligible","correct","2.8252080000002024","1","","","",""
"fresh-document","radio-office","held-out","resolver-v2","eligible","correct","1.199999988079071","","42","semantic","",""
"fresh-document","radio-office","held-out","finder-default","eligible","correct","3.1000840000001517","1","","","",""
"fresh-document","radio-office","held-out","finder-filtered","eligible","correct","2.717333999999937","1","","","",""
"fresh-document","radio-office","held-out","dom-to-locator","eligible","correct","3.097457999999733","1","","","",""
"fresh-document","radio-office","held-out","mizchi","eligible","correct","3.187999999999647","1","","","",""
"fresh-document","readonly","held-out","resolver-v2","eligible","correct","1.0999999940395355","","42","semantic","",""
"fresh-document","readonly","held-out","finder-default","eligible","correct","2.9989590000000135","1","","","",""
"fresh-document","readonly","held-out","finder-filtered","eligible","correct","3.107582999999977","1","","","",""
"fresh-document","readonly","held-out","dom-to-locator","eligible","correct","3.628791999999976","1","","","",""
"fresh-document","readonly","held-out","mizchi","eligible","correct","3.011041999999634","1","","","",""
"fresh-document","disabled","held-out","resolver-v2","disabled","broken","1.2999999970197678","","42","","insufficient-evidence",""
"fresh-document","disabled","held-out","finder-default","disabled","wrong","3.133792000000085","1","","","",""
"fresh-document","disabled","held-out","finder-filtered","disabled","wrong","3.0062079999997877","1","","","",""
"fresh-document","disabled","held-out","dom-to-locator","disabled","wrong","2.959208000000217","1","","","",""
"fresh-document","disabled","held-out","mizchi","disabled","wrong","2.288250000000062","1","","","",""
"fresh-document","link","held-out","resolver-v2","eligible","correct","1.2999999970197678","","42","semantic","",""
"fresh-document","link","held-out","finder-default","eligible","correct","3.0933749999999236","1","","","",""
"fresh-document","link","held-out","finder-filtered","eligible","correct","2.914458000000195","1","","","",""
"fresh-document","link","held-out","dom-to-locator","eligible","correct","3.5059580000001915","1","","","",""
"fresh-document","link","held-out","mizchi","eligible","correct","2.756000000000313","1","","","",""
"fresh-document","title-button","held-out","resolver-v2","eligible","correct","1.4000000059604645","","42","semantic","",""
"fresh-document","title-button","held-out","finder-default","eligible","correct","3.61587499999996","1","","","",""
"fresh-document","title-button","held-out","finder-filtered","eligible","correct","7.2854169999995975","1","","","",""
"fresh-document","title-button","held-out","dom-to-locator","eligible","correct","3.581916999999976","1","","","",""
"fresh-document","title-button","held-out","mizchi","eligible","correct","3.4790829999997186","1","","","",""
"fresh-document","second-textarea","held-out","resolver-v2","eligible","correct","1.2999999970197678","","42","semantic","",""
"fresh-document","second-textarea","held-out","finder-default","eligible","correct","2.9615420000000086","1","","","",""
"fresh-document","second-textarea","held-out","finder-filtered","eligible","correct","2.802541999999903","1","","","",""
"fresh-document","second-textarea","held-out","dom-to-locator","eligible","correct","3.18362500000012","1","","","",""
"fresh-document","second-textarea","held-out","mizchi","eligible","correct","2.886250000000018","1","","","",""
"fresh-document","row-elena","held-out","resolver-v2","eligible","correct","1.2000000029802322","","42","semantic","",""
"fresh-document","row-elena","held-out","finder-default","eligible","correct","3.285041999999976","1","","","",""
"fresh-document","row-elena","held-out","finder-filtered","eligible","correct","3.086833000000297","1","","","",""
"fresh-document","row-elena","held-out","dom-to-locator","eligible","correct","4.139291999999841","1","","","",""
"fresh-document","row-elena","held-out","mizchi","eligible","correct","3.277209000000312","1","","","",""
"fresh-document","row-igor","held-out","resolver-v2","eligible","correct","1.4000000059604645","","42","semantic","",""
"fresh-document","row-igor","held-out","finder-default","eligible","correct","3.1004579999998896","1","","","",""
"fresh-document","row-igor","held-out","finder-filtered","eligible","correct","3.148333999999977","1","","","",""
"fresh-document","row-igor","held-out","dom-to-locator","eligible","correct","3.621708000000126","1","","","",""
"fresh-document","row-igor","held-out","mizchi","eligible","correct","3.1511249999998654","1","","","",""
"wrappers","text","development","resolver-v2","eligible","correct","4.5999999940395355","","42","semantic","",""
"wrappers","text","development","finder-default","eligible","correct","3.658374999999978","1","","","",""
"wrappers","text","development","finder-filtered","eligible","correct","3.6578339999996388","1","","","",""
"wrappers","text","development","dom-to-locator","eligible","correct","5.6154169999999795","1","","","",""
"wrappers","text","development","mizchi","eligible","correct","5.099875000000793","1","","","",""
"wrappers","email","development","resolver-v2","eligible","correct","1.5","","42","semantic","",""
"wrappers","email","development","finder-default","eligible","correct","3.7006250000004","1","","","",""
"wrappers","email","development","finder-filtered","eligible","correct","3.0508749999999054","1","","","",""
"wrappers","email","development","dom-to-locator","eligible","correct","4.213083999999981","1","","","",""
"wrappers","email","development","mizchi","eligible","correct","5.043625000000247","1","","","",""
"wrappers","select","development","resolver-v2","eligible","correct","1.7000000029802322","","42","semantic","",""
"wrappers","select","development","finder-default","eligible","correct","3.1799999999993815","1","","","",""
"wrappers","select","development","finder-filtered","eligible","correct","2.723792000000685","1","","","",""
"wrappers","select","development","dom-to-locator","eligible","correct","5.025832999999693","1","","","",""
"wrappers","select","development","mizchi","eligible","correct","3.528915999999299","1","","","",""
"wrappers","number","development","resolver-v2","eligible","correct","1.5","","42","semantic","",""
"wrappers","number","development","finder-default","eligible","correct","3.2535829999997077","1","","","",""
"wrappers","number","development","finder-filtered","eligible","correct","3.1049999999995634","1","","","",""
"wrappers","number","development","dom-to-locator","eligible","correct","5.737750000000233","1","","","",""
"wrappers","number","development","mizchi","eligible","correct","3.5687499999994543","1","","","",""
"wrappers","checkbox","development","resolver-v2","eligible","correct","1.5","","42","semantic","",""
"wrappers","checkbox","development","finder-default","eligible","correct","3.5331249999999272","1","","","",""
"wrappers","checkbox","development","finder-filtered","eligible","correct","4.514041000000361","1","","","",""
"wrappers","checkbox","development","dom-to-locator","eligible","correct","3.8130410000003394","1","","","",""
"wrappers","checkbox","development","mizchi","eligible","correct","2.7854159999997137","1","","","",""
"wrappers","switch","development","resolver-v2","eligible","correct","1.5","","42","semantic","",""
"wrappers","switch","development","finder-default","eligible","correct","3.360541000000012","1","","","",""
"wrappers","switch","development","finder-filtered","eligible","correct","4.37604200000078","1","","","",""
"wrappers","switch","development","dom-to-locator","eligible","correct","3.6176249999998618","1","","","",""
"wrappers","switch","development","mizchi","eligible","correct","3.217791999999463","1","","","",""
"wrappers","textarea","development","resolver-v2","eligible","correct","1.5","","42","semantic","",""
"wrappers","textarea","development","finder-default","eligible","correct","4.576125000000502","1","","","",""
"wrappers","textarea","development","finder-filtered","eligible","correct","3.454040999999961","1","","","",""
"wrappers","textarea","development","dom-to-locator","eligible","correct","3.853749999999309","1","","","",""
"wrappers","textarea","development","mizchi","eligible","correct","3.222583000000668","1","","","",""
"wrappers","date","development","resolver-v2","eligible","correct","1.2999999970197678","","42","semantic","",""
"wrappers","date","development","finder-default","eligible","correct","5.03650000000016","1","","","",""
"wrappers","date","development","finder-filtered","eligible","correct","2.991541000000325","1","","","",""
"wrappers","date","development","dom-to-locator","eligible","correct","3.524083000000246","1","","","",""
"wrappers","date","development","mizchi","eligible","correct","3.3242920000002414","1","","","",""
"wrappers","continue","development","resolver-v2","eligible","correct","1.2999999970197678","","42","semantic","",""
"wrappers","continue","development","finder-default","eligible","broken","4.875167000000147","0","","","",""
"wrappers","continue","development","finder-filtered","eligible","broken","0.8285840000007738","0","","","",""
"wrappers","continue","development","dom-to-locator","eligible","correct","3.6030000000000655","1","","","",""
"wrappers","continue","development","mizchi","eligible","correct","3.3357920000007653","1","","","",""
"wrappers","icon-button","development","resolver-v2","eligible","correct","1.2999999970197678","","42","semantic","",""
"wrappers","icon-button","development","finder-default","eligible","broken","2.1397909999996045","0","","","",""
"wrappers","icon-button","development","finder-filtered","eligible","broken","0.7882500000005166","0","","","",""
"wrappers","icon-button","development","dom-to-locator","eligible","correct","4.00158300000021","1","","","",""
"wrappers","icon-button","development","mizchi","eligible","correct","2.87433400000009","1","","","",""
"wrappers","repeat-anna","development","resolver-v2","eligible","correct","1.2999999970197678","","42","semantic","",""
"wrappers","repeat-anna","development","finder-default","eligible","broken","0.9446669999997539","0","","","",""
"wrappers","repeat-anna","development","finder-filtered","eligible","broken","0.6713750000008076","0","","","",""
"wrappers","repeat-anna","development","dom-to-locator","eligible","correct","4.9175420000001395","1","","","",""
"wrappers","repeat-anna","development","mizchi","eligible","correct","3.5160420000001977","1","","","",""
"wrappers","repeat-boris","development","resolver-v2","eligible","correct","1.2000000029802322","","42","semantic","",""
"wrappers","repeat-boris","development","finder-default","eligible","broken","0.8725829999993948","0","","","",""
"wrappers","repeat-boris","development","finder-filtered","eligible","broken","0.6155840000001263","0","","","",""
"wrappers","repeat-boris","development","dom-to-locator","eligible","correct","3.520958000000064","1","","","",""
"wrappers","repeat-boris","development","mizchi","eligible","correct","4.699333000000479","1","","","",""
"wrappers","indistinguishable-a","development","resolver-v2","indistinguishable","ambiguous","1.2999999970197678","","42","","duplicate-context",""
"wrappers","indistinguishable-a","development","finder-default","indistinguishable","broken","0.9650000000001455","0","","","",""
"wrappers","indistinguishable-a","development","finder-filtered","indistinguishable","broken","0.6432080000004134","0","","","",""
"wrappers","indistinguishable-a","development","dom-to-locator","indistinguishable","wrong","3.7489999999997963","1","","","",""
"wrappers","indistinguishable-a","development","mizchi","indistinguishable","wrong","3.267541999999594","1","","","",""
"wrappers","indistinguishable-b","development","resolver-v2","indistinguishable","ambiguous","1.4000000059604645","","42","","duplicate-context",""
"wrappers","indistinguishable-b","development","finder-default","indistinguishable","broken","0.7595839999994496","0","","","",""
"wrappers","indistinguishable-b","development","finder-filtered","indistinguishable","broken","1.8622499999992215","0","","","",""
"wrappers","indistinguishable-b","development","dom-to-locator","indistinguishable","wrong","4.367624999999862","1","","","",""
"wrappers","indistinguishable-b","development","mizchi","indistinguishable","wrong","3.255667000000358","1","","","",""
"wrappers","phone","held-out","resolver-v2","eligible","correct","1.5","","42","semantic","",""
"wrappers","phone","held-out","finder-default","eligible","correct","3.725166999999601","1","","","",""
"wrappers","phone","held-out","finder-filtered","eligible","correct","4.693249999999352","1","","","",""
"wrappers","phone","held-out","dom-to-locator","eligible","correct","3.705124999999498","1","","","",""
"wrappers","phone","held-out","mizchi","eligible","correct","3.3414169999996375","1","","","",""
"wrappers","url","held-out","resolver-v2","eligible","correct","1.3999999910593033","","42","semantic","",""
"wrappers","url","held-out","finder-default","eligible","correct","4.921750000000429","1","","","",""
"wrappers","url","held-out","finder-filtered","eligible","correct","3.160417000000052","1","","","",""
"wrappers","url","held-out","dom-to-locator","eligible","correct","3.9879999999993743","1","","","",""
"wrappers","url","held-out","mizchi","eligible","correct","3.3525829999998678","1","","","",""
"wrappers","placeholder-search","held-out","resolver-v2","eligible","correct","1.2999999970197678","","42","semantic","",""
"wrappers","placeholder-search","held-out","finder-default","eligible","broken","0.9414580000002388","0","","","",""
"wrappers","placeholder-search","held-out","finder-filtered","eligible","correct","4.043875000000298","1","","","",""
"wrappers","placeholder-search","held-out","dom-to-locator","eligible","correct","3.6092909999997573","1","","","",""
"wrappers","placeholder-search","held-out","mizchi","eligible","correct","2.938292000000729","1","","","",""
"wrappers","aria-name","held-out","resolver-v2","eligible","correct","1.3999999910593033","","42","semantic","",""
"wrappers","aria-name","held-out","finder-default","eligible","broken","1.0087920000005397","0","","","",""
"wrappers","aria-name","held-out","finder-filtered","eligible","broken","0.8479580000002898","0","","","",""
"wrappers","aria-name","held-out","dom-to-locator","eligible","correct","4.859292000000096","1","","","",""
"wrappers","aria-name","held-out","mizchi","eligible","correct","3.207832999999482","1","","","",""
"wrappers","quantity","held-out","resolver-v2","eligible","correct","1.7000000029802322","","42","semantic","",""
"wrappers","quantity","held-out","finder-default","eligible","correct","3.788832999999613","1","","","",""
"wrappers","quantity","held-out","finder-filtered","eligible","correct","2.5927500000007058","1","","","",""
"wrappers","quantity","held-out","dom-to-locator","eligible","correct","3.6482089999999516","1","","","",""
"wrappers","quantity","held-out","mizchi","eligible","correct","3.709584000000177","1","","","",""
"wrappers","radio-online","held-out","resolver-v2","eligible","correct","1.2000000029802322","","42","semantic","",""
"wrappers","radio-online","held-out","finder-default","eligible","broken","0.7706250000001091","0","","","",""
"wrappers","radio-online","held-out","finder-filtered","eligible","broken","0.5690839999997479","0","","","",""
"wrappers","radio-online","held-out","dom-to-locator","eligible","correct","3.7578340000000026","1","","","",""
"wrappers","radio-online","held-out","mizchi","eligible","correct","3.3059579999999187","1","","","",""
"wrappers","radio-office","held-out","resolver-v2","eligible","correct","1.2999999970197678","","42","semantic","",""
"wrappers","radio-office","held-out","finder-default","eligible","broken","0.6734579999993002","0","","","",""
"wrappers","radio-office","held-out","finder-filtered","eligible","broken","0.8264579999995476","0","","","",""
"wrappers","radio-office","held-out","dom-to-locator","eligible","correct","3.6866250000002765","1","","","",""
"wrappers","radio-office","held-out","mizchi","eligible","correct","3.5437080000001515","1","","","",""
"wrappers","readonly","held-out","resolver-v2","eligible","correct","1.2999999970197678","","42","semantic","",""
"wrappers","readonly","held-out","finder-default","eligible","correct","2.9026670000002923","1","","","",""
"wrappers","readonly","held-out","finder-filtered","eligible","broken","0.6891670000004524","0","","","",""
"wrappers","readonly","held-out","dom-to-locator","eligible","correct","3.522749999999178","1","","","",""
"wrappers","readonly","held-out","mizchi","eligible","correct","2.878375000000233","1","","","",""
"wrappers","disabled","held-out","resolver-v2","disabled","broken","1.2000000029802322","","42","","insufficient-evidence",""
"wrappers","disabled","held-out","finder-default","disabled","broken","0.9317920000003141","0","","","",""
"wrappers","disabled","held-out","finder-filtered","disabled","broken","0.5789590000003955","0","","","",""
"wrappers","disabled","held-out","dom-to-locator","disabled","wrong","3.444916999999805","1","","","",""
"wrappers","disabled","held-out","mizchi","disabled","wrong","2.7616250000000946","1","","","",""
"wrappers","link","held-out","resolver-v2","eligible","correct","1.300000011920929","","42","semantic","",""
"wrappers","link","held-out","finder-default","eligible","correct","3.320332999999664","1","","","",""
"wrappers","link","held-out","finder-filtered","eligible","correct","3.092333999999937","1","","","",""
"wrappers","link","held-out","dom-to-locator","eligible","correct","3.150875000000269","1","","","",""
"wrappers","link","held-out","mizchi","eligible","correct","2.96545900000001","1","","","",""
"wrappers","title-button","held-out","resolver-v2","eligible","correct","1.2000000029802322","","42","semantic","",""
"wrappers","title-button","held-out","finder-default","eligible","broken","0.8143749999999272","0","","","",""
"wrappers","title-button","held-out","finder-filtered","eligible","correct","2.8530409999993935","1","","","",""
"wrappers","title-button","held-out","dom-to-locator","eligible","correct","3.210707999999613","1","","","",""
"wrappers","title-button","held-out","mizchi","eligible","correct","3.7702909999998155","1","","","",""
"wrappers","second-textarea","held-out","resolver-v2","eligible","correct","1.2999999970197678","","42","semantic","",""
"wrappers","second-textarea","held-out","finder-default","eligible","correct","3.273833000000195","1","","","",""
"wrappers","second-textarea","held-out","finder-filtered","eligible","correct","2.540541999999732","1","","","",""
"wrappers","second-textarea","held-out","dom-to-locator","eligible","correct","3.507292000000234","1","","","",""
"wrappers","second-textarea","held-out","mizchi","eligible","correct","3.2143749999995634","1","","","",""
"wrappers","row-elena","held-out","resolver-v2","eligible","correct","1.2000000029802322","","42","semantic","",""
"wrappers","row-elena","held-out","finder-default","eligible","correct","3.6669160000001284","1","","","",""
"wrappers","row-elena","held-out","finder-filtered","eligible","correct","3.3197079999999914","1","","","",""
"wrappers","row-elena","held-out","dom-to-locator","eligible","correct","3.5127080000002024","1","","","",""
"wrappers","row-elena","held-out","mizchi","eligible","broken","0.7615000000005239","0","","","",""
"wrappers","row-igor","held-out","resolver-v2","eligible","correct","1.2999999970197678","","42","semantic","",""
"wrappers","row-igor","held-out","finder-default","eligible","correct","3.7257909999998446","1","","","",""
"wrappers","row-igor","held-out","finder-filtered","eligible","correct","2.720125000000735","1","","","",""
"wrappers","row-igor","held-out","dom-to-locator","eligible","correct","3.7017079999995985","1","","","",""
"wrappers","row-igor","held-out","mizchi","eligible","broken","0.8121670000000449","0","","","",""
"reorder","text","development","resolver-v2","eligible","correct","3.7999999970197678","","42","semantic","",""
"reorder","text","development","finder-default","eligible","correct","3.4815840000001117","1","","","",""
"reorder","text","development","finder-filtered","eligible","correct","3.43066699999963","1","","","",""
"reorder","text","development","dom-to-locator","eligible","correct","6.378375000000233","1","","","",""
"reorder","text","development","mizchi","eligible","correct","3.5650830000004134","1","","","",""
"reorder","email","development","resolver-v2","eligible","correct","1.7000000029802322","","42","semantic","",""
"reorder","email","development","finder-default","eligible","correct","3.7070840000005774","1","","","",""
"reorder","email","development","finder-filtered","eligible","correct","3.097125000000233","1","","","",""
"reorder","email","development","dom-to-locator","eligible","correct","3.793916999999965","1","","","",""
"reorder","email","development","mizchi","eligible","correct","3.7343330000003334","1","","","",""
"reorder","select","development","resolver-v2","eligible","correct","1.300000011920929","","42","semantic","",""
"reorder","select","development","finder-default","eligible","correct","3.39520900000025","1","","","",""
"reorder","select","development","finder-filtered","eligible","correct","3.0332500000004075","1","","","",""
"reorder","select","development","dom-to-locator","eligible","correct","3.3038329999999405","1","","","",""
"reorder","select","development","mizchi","eligible","correct","3.1122499999992215","1","","","",""
"reorder","number","development","resolver-v2","eligible","correct","1.5","","42","semantic","",""
"reorder","number","development","finder-default","eligible","correct","3.3973329999998896","1","","","",""
"reorder","number","development","finder-filtered","eligible","correct","3.1846669999995356","1","","","",""
"reorder","number","development","dom-to-locator","eligible","correct","3.858917000000474","1","","","",""
"reorder","number","development","mizchi","eligible","correct","3.3342920000004597","1","","","",""
"reorder","checkbox","development","resolver-v2","eligible","correct","1.5","","42","semantic","",""
"reorder","checkbox","development","finder-default","eligible","correct","3.1649170000000595","1","","","",""
"reorder","checkbox","development","finder-filtered","eligible","correct","2.897165999999743","1","","","",""
"reorder","checkbox","development","dom-to-locator","eligible","correct","2.826332999999977","1","","","",""
"reorder","checkbox","development","mizchi","eligible","correct","2.6760829999993803","1","","","",""
"reorder","switch","development","resolver-v2","eligible","correct","1.5","","42","semantic","",""
"reorder","switch","development","finder-default","eligible","correct","3.887666000000536","1","","","",""
"reorder","switch","development","finder-filtered","eligible","correct","3.4701670000004015","1","","","",""
"reorder","switch","development","dom-to-locator","eligible","correct","3.6784170000000813","1","","","",""
"reorder","switch","development","mizchi","eligible","correct","4.1122919999997976","1","","","",""
"reorder","textarea","development","resolver-v2","eligible","correct","1.4000000059604645","","42","semantic","",""
"reorder","textarea","development","finder-default","eligible","correct","3.3919159999995827","1","","","",""
"reorder","textarea","development","finder-filtered","eligible","correct","2.9387500000002547","1","","","",""
"reorder","textarea","development","dom-to-locator","eligible","correct","3.493333000000348","1","","","",""
"reorder","textarea","development","mizchi","eligible","correct","3.398750000000291","1","","","",""
"reorder","date","development","resolver-v2","eligible","correct","1.4000000059604645","","42","semantic","",""
"reorder","date","development","finder-default","eligible","correct","3.430583999999726","1","","","",""
"reorder","date","development","finder-filtered","eligible","correct","2.7999999999992724","1","","","",""
"reorder","date","development","dom-to-locator","eligible","correct","3.4086660000002666","1","","","",""
"reorder","date","development","mizchi","eligible","correct","3.17174999999952","1","","","",""
"reorder","continue","development","resolver-v2","eligible","correct","1.2999999970197678","","42","semantic","",""
"reorder","continue","development","finder-default","eligible","wrong","3.691667000000052","1","","","",""
"reorder","continue","development","finder-filtered","eligible","wrong","3.1979169999995065","1","","","",""
"reorder","continue","development","dom-to-locator","eligible","correct","4.889333999999508","1","","","",""
"reorder","continue","development","mizchi","eligible","correct","3.528457999999773","1","","","",""
"reorder","icon-button","development","resolver-v2","eligible","correct","1.5","","42","semantic","",""
"reorder","icon-button","development","finder-default","eligible","wrong","3.4887079999998605","1","","","",""
"reorder","icon-button","development","finder-filtered","eligible","wrong","2.3864999999996144","1","","","",""
"reorder","icon-button","development","dom-to-locator","eligible","correct","3.5710840000001554","1","","","",""
"reorder","icon-button","development","mizchi","eligible","correct","3.3268749999997453","1","","","",""
"reorder","repeat-anna","development","resolver-v2","eligible","correct","1.4000000059604645","","42","semantic","",""
"reorder","repeat-anna","development","finder-default","eligible","correct","3.390707999999904","1","","","",""
"reorder","repeat-anna","development","finder-filtered","eligible","correct","3.3454579999997804","1","","","",""
"reorder","repeat-anna","development","dom-to-locator","eligible","correct","3.6017080000001442","1","","","",""
"reorder","repeat-anna","development","mizchi","eligible","correct","3.2223329999997077","1","","","",""
"reorder","repeat-boris","development","resolver-v2","eligible","correct","1.2999999970197678","","42","semantic","",""
"reorder","repeat-boris","development","finder-default","eligible","correct","3.610791999999492","1","","","",""
"reorder","repeat-boris","development","finder-filtered","eligible","correct","3.3838330000007772","1","","","",""
"reorder","repeat-boris","development","dom-to-locator","eligible","correct","3.0717500000000655","1","","","",""
"reorder","repeat-boris","development","mizchi","eligible","correct","3.2213339999998425","1","","","",""
"reorder","indistinguishable-a","development","resolver-v2","indistinguishable","ambiguous","1.2999999970197678","","42","","duplicate-context",""
"reorder","indistinguishable-a","development","finder-default","indistinguishable","wrong","3.194083000000319","1","","","",""
"reorder","indistinguishable-a","development","finder-filtered","indistinguishable","wrong","3.0686249999998836","1","","","",""
"reorder","indistinguishable-a","development","dom-to-locator","indistinguishable","wrong","3.343417000000045","1","","","",""
"reorder","indistinguishable-a","development","mizchi","indistinguishable","wrong","3.3309159999998883","1","","","",""
"reorder","indistinguishable-b","development","resolver-v2","indistinguishable","ambiguous","1.199999988079071","","42","","duplicate-context",""
"reorder","indistinguishable-b","development","finder-default","indistinguishable","wrong","3.205917000000227","1","","","",""
"reorder","indistinguishable-b","development","finder-filtered","indistinguishable","wrong","3.0630419999997684","1","","","",""
"reorder","indistinguishable-b","development","dom-to-locator","indistinguishable","wrong","3.7780000000002474","1","","","",""
"reorder","indistinguishable-b","development","mizchi","indistinguishable","wrong","3.7203340000005483","1","","","",""
"reorder","phone","held-out","resolver-v2","eligible","correct","1.0999999940395355","","42","semantic","",""
"reorder","phone","held-out","finder-default","eligible","correct","3.1917920000005324","1","","","",""
"reorder","phone","held-out","finder-filtered","eligible","correct","3.2882909999998446","1","","","",""
"reorder","phone","held-out","dom-to-locator","eligible","correct","3.101375000000189","1","","","",""
"reorder","phone","held-out","mizchi","eligible","correct","2.6781670000000304","1","","","",""
"reorder","url","held-out","resolver-v2","eligible","correct","1.2000000029802322","","42","semantic","",""
"reorder","url","held-out","finder-default","eligible","correct","3.325124999999389","1","","","",""
"reorder","url","held-out","finder-filtered","eligible","correct","3.0878750000001673","1","","","",""
"reorder","url","held-out","dom-to-locator","eligible","correct","3.99737499999992","1","","","",""
"reorder","url","held-out","mizchi","eligible","correct","2.463707999999315","1","","","",""
"reorder","placeholder-search","held-out","resolver-v2","eligible","correct","1.5","","42","semantic","",""
"reorder","placeholder-search","held-out","finder-default","eligible","wrong","3.66241699999955","1","","","",""
"reorder","placeholder-search","held-out","finder-filtered","eligible","correct","2.682082999999693","1","","","",""
"reorder","placeholder-search","held-out","dom-to-locator","eligible","correct","3.216457999999875","1","","","",""
"reorder","placeholder-search","held-out","mizchi","eligible","correct","2.502707999999984","1","","","",""
"reorder","aria-name","held-out","resolver-v2","eligible","correct","1.2000000029802322","","42","semantic","",""
"reorder","aria-name","held-out","finder-default","eligible","wrong","3.278542000000016","1","","","",""
"reorder","aria-name","held-out","finder-filtered","eligible","wrong","2.6441249999998035","1","","","",""
"reorder","aria-name","held-out","dom-to-locator","eligible","correct","3.7009580000003552","1","","","",""
"reorder","aria-name","held-out","mizchi","eligible","correct","2.998833999999988","1","","","",""
"reorder","quantity","held-out","resolver-v2","eligible","correct","1.2000000029802322","","42","semantic","",""
"reorder","quantity","held-out","finder-default","eligible","correct","3.2055829999999332","1","","","",""
"reorder","quantity","held-out","finder-filtered","eligible","correct","2.745165999999699","1","","","",""
"reorder","quantity","held-out","dom-to-locator","eligible","correct","3.5737499999995634","1","","","",""
"reorder","quantity","held-out","mizchi","eligible","correct","3.757499999999709","1","","","",""
"reorder","radio-online","held-out","resolver-v2","eligible","correct","1.4000000059604645","","42","semantic","",""
"reorder","radio-online","held-out","finder-default","eligible","wrong","47.47520800000075","1","","","",""
"reorder","radio-online","held-out","finder-filtered","eligible","wrong","34.62841599999956","1","","","",""
"reorder","radio-online","held-out","dom-to-locator","eligible","correct","5.690040999999837","1","","","",""
"reorder","radio-online","held-out","mizchi","eligible","correct","3.3742500000007567","1","","","",""
"reorder","radio-office","held-out","resolver-v2","eligible","correct","1.300000011920929","","42","semantic","",""
"reorder","radio-office","held-out","finder-default","eligible","wrong","18.773207999999613","1","","","",""
"reorder","radio-office","held-out","finder-filtered","eligible","wrong","3.0668329999998605","1","","","",""
"reorder","radio-office","held-out","dom-to-locator","eligible","correct","3.9494170000007216","1","","","",""
"reorder","radio-office","held-out","mizchi","eligible","correct","3.6257089999999152","1","","","",""
"reorder","readonly","held-out","resolver-v2","eligible","correct","1.2999999970197678","","42","semantic","",""
"reorder","readonly","held-out","finder-default","eligible","correct","3.8242079999999987","1","","","",""
"reorder","readonly","held-out","finder-filtered","eligible","wrong","3.294875000000502","1","","","",""
"reorder","readonly","held-out","dom-to-locator","eligible","correct","3.9615410000005795","1","","","",""
"reorder","readonly","held-out","mizchi","eligible","correct","3.208708000000115","1","","","",""
"reorder","disabled","held-out","resolver-v2","disabled","broken","1.2999999970197678","","42","","insufficient-evidence",""
"reorder","disabled","held-out","finder-default","disabled","wrong","2.898417000000336","1","","","",""
"reorder","disabled","held-out","finder-filtered","disabled","wrong","2.742583000000195","1","","","",""
"reorder","disabled","held-out","dom-to-locator","disabled","wrong","3.8289999999997235","1","","","",""
"reorder","disabled","held-out","mizchi","disabled","wrong","3.102915999999823","1","","","",""
"reorder","link","held-out","resolver-v2","eligible","correct","1.4000000059604645","","42","semantic","",""
"reorder","link","held-out","finder-default","eligible","correct","3.3676249999998618","1","","","",""
"reorder","link","held-out","finder-filtered","eligible","correct","2.730000000000473","1","","","",""
"reorder","link","held-out","dom-to-locator","eligible","correct","3.781707999999526","1","","","",""
"reorder","link","held-out","mizchi","eligible","correct","2.630374999999731","1","","","",""
"reorder","title-button","held-out","resolver-v2","eligible","correct","1.199999988079071","","42","semantic","",""
"reorder","title-button","held-out","finder-default","eligible","correct","3.0451249999996435","1","","","",""
"reorder","title-button","held-out","finder-filtered","eligible","correct","2.996041999999761","1","","","",""
"reorder","title-button","held-out","dom-to-locator","eligible","correct","3.7375419999998485","1","","","",""
"reorder","title-button","held-out","mizchi","eligible","correct","3.5443750000004","1","","","",""
"reorder","second-textarea","held-out","resolver-v2","eligible","correct","1.300000011920929","","42","semantic","",""
"reorder","second-textarea","held-out","finder-default","eligible","correct","3.203125","1","","","",""
"reorder","second-textarea","held-out","finder-filtered","eligible","correct","2.7524160000002666","1","","","",""
"reorder","second-textarea","held-out","dom-to-locator","eligible","correct","3.6288750000003347","1","","","",""
"reorder","second-textarea","held-out","mizchi","eligible","correct","3.0288330000003043","1","","","",""
"reorder","row-elena","held-out","resolver-v2","eligible","correct","1.2000000029802322","","42","semantic","",""
"reorder","row-elena","held-out","finder-default","eligible","wrong","3.2394169999997757","1","","","",""
"reorder","row-elena","held-out","finder-filtered","eligible","wrong","2.8372499999995853","1","","","",""
"reorder","row-elena","held-out","dom-to-locator","eligible","wrong","3.4537090000003445","1","","","",""
"reorder","row-elena","held-out","mizchi","eligible","correct","3.6364999999996144","1","","","",""
"reorder","row-igor","held-out","resolver-v2","eligible","correct","1.2999999970197678","","42","semantic","",""
"reorder","row-igor","held-out","finder-default","eligible","wrong","3.28637499999968","1","","","",""
"reorder","row-igor","held-out","finder-filtered","eligible","wrong","3.0105830000002243","1","","","",""
"reorder","row-igor","held-out","dom-to-locator","eligible","wrong","3.2797499999996944","1","","","",""
"reorder","row-igor","held-out","mizchi","eligible","correct","3.280874999999469","1","","","",""
"classes","text","development","resolver-v2","eligible","correct","4.200000002980232","","42","semantic","",""
"classes","text","development","finder-default","eligible","correct","4.0567080000000715","1","","","",""
"classes","text","development","finder-filtered","eligible","correct","5.308667000000241","1","","","",""
"classes","text","development","dom-to-locator","eligible","correct","6.079541999999492","1","","","",""
"classes","text","development","mizchi","eligible","correct","3.6986249999999927","1","","","",""
"classes","email","development","resolver-v2","eligible","correct","2.0999999940395355","","42","semantic","",""
"classes","email","development","finder-default","eligible","correct","4.078459000000294","1","","","",""
"classes","email","development","finder-filtered","eligible","correct","3.1671250000008513","1","","","",""
"classes","email","development","dom-to-locator","eligible","correct","4.0317919999997684","1","","","",""
"classes","email","development","mizchi","eligible","correct","2.9208750000007058","1","","","",""
"classes","select","development","resolver-v2","eligible","correct","2","","42","semantic","",""
"classes","select","development","finder-default","eligible","correct","4.008165999999619","1","","","",""
"classes","select","development","finder-filtered","eligible","correct","2.904583000000457","1","","","",""
"classes","select","development","dom-to-locator","eligible","correct","3.482582999999977","1","","","",""
"classes","select","development","mizchi","eligible","correct","2.7831249999999272","1","","","",""
"classes","number","development","resolver-v2","eligible","correct","1.7000000029802322","","42","semantic","",""
"classes","number","development","finder-default","eligible","correct","3.494416999999885","1","","","",""
"classes","number","development","finder-filtered","eligible","correct","2.903874999999971","1","","","",""
"classes","number","development","dom-to-locator","eligible","correct","3.8946249999999054","1","","","",""
"classes","number","development","mizchi","eligible","correct","5.283707999999933","1","","","",""
"classes","checkbox","development","resolver-v2","eligible","correct","1.699999988079071","","42","semantic","",""
"classes","checkbox","development","finder-default","eligible","correct","3.2700000000004366","1","","","",""
"classes","checkbox","development","finder-filtered","eligible","correct","2.8293750000002547","1","","","",""
"classes","checkbox","development","dom-to-locator","eligible","correct","3.103667000000314","1","","","",""
"classes","checkbox","development","mizchi","eligible","correct","5.0627919999997175","1","","","",""
"classes","switch","development","resolver-v2","eligible","correct","1.7000000029802322","","42","semantic","",""
"classes","switch","development","finder-default","eligible","correct","3.291957999999795","1","","","",""
"classes","switch","development","finder-filtered","eligible","correct","2.9061659999997573","1","","","",""
"classes","switch","development","dom-to-locator","eligible","correct","6.0492080000003625","1","","","",""
"classes","switch","development","mizchi","eligible","correct","3.217959000000519","1","","","",""
"classes","textarea","development","resolver-v2","eligible","correct","1.9000000059604645","","42","semantic","",""
"classes","textarea","development","finder-default","eligible","correct","3.512249999999767","1","","","",""
"classes","textarea","development","finder-filtered","eligible","correct","6.775332999999591","1","","","",""
"classes","textarea","development","dom-to-locator","eligible","correct","4.052541999999448","1","","","",""
"classes","textarea","development","mizchi","eligible","correct","3.033084000000599","1","","","",""
"classes","date","development","resolver-v2","eligible","correct","1.6000000089406967","","42","semantic","",""
"classes","date","development","finder-default","eligible","correct","5.046542000000045","1","","","",""
"classes","date","development","finder-filtered","eligible","correct","3.0579170000000886","1","","","",""
"classes","date","development","dom-to-locator","eligible","correct","3.5062920000000304","1","","","",""
"classes","date","development","mizchi","eligible","correct","3.3040829999999914","1","","","",""
"classes","continue","development","resolver-v2","eligible","correct","1.7999999970197678","","42","semantic","",""
"classes","continue","development","finder-default","eligible","correct","4.401791999999659","1","","","",""
"classes","continue","development","finder-filtered","eligible","correct","2.74120800000037","1","","","",""
"classes","continue","development","dom-to-locator","eligible","correct","4.834249999999884","1","","","",""
"classes","continue","development","mizchi","eligible","correct","5.5590000000001965","1","","","",""
"classes","icon-button","development","resolver-v2","eligible","correct","1.7000000029802322","","42","semantic","",""
"classes","icon-button","development","finder-default","eligible","correct","4.499166999999943","1","","","",""
"classes","icon-button","development","finder-filtered","eligible","correct","3.1071249999995416","1","","","",""
"classes","icon-button","development","dom-to-locator","eligible","correct","3.496541000000434","1","","","",""
"classes","icon-button","development","mizchi","eligible","correct","5.416165999999976","1","","","",""
"classes","repeat-anna","development","resolver-v2","eligible","correct","1.5","","42","semantic","",""
"classes","repeat-anna","development","finder-default","eligible","correct","3.3328339999998207","1","","","",""
"classes","repeat-anna","development","finder-filtered","eligible","correct","2.9133340000007593","1","","","",""
"classes","repeat-anna","development","dom-to-locator","eligible","correct","4.766458000000057","1","","","",""
"classes","repeat-anna","development","mizchi","eligible","correct","3.6249159999997573","1","","","",""
"classes","repeat-boris","development","resolver-v2","eligible","correct","1.7999999970197678","","42","semantic","",""
"classes","repeat-boris","development","finder-default","eligible","correct","3.64850000000024","1","","","",""
"classes","repeat-boris","development","finder-filtered","eligible","correct","2.8442919999997684","1","","","",""
"classes","repeat-boris","development","dom-to-locator","eligible","correct","5.682167000000845","1","","","",""
"classes","repeat-boris","development","mizchi","eligible","correct","3.088042000000314","1","","","",""
"classes","indistinguishable-a","development","resolver-v2","indistinguishable","ambiguous","1.5999999940395355","","42","","duplicate-context",""
"classes","indistinguishable-a","development","finder-default","indistinguishable","wrong","3.7442080000000715","1","","","",""
"classes","indistinguishable-a","development","finder-filtered","indistinguishable","wrong","4.689000000000306","1","","","",""
"classes","indistinguishable-a","development","dom-to-locator","indistinguishable","wrong","4.701208000000406","1","","","",""
"classes","indistinguishable-a","development","mizchi","indistinguishable","wrong","3.463999999999942","1","","","",""
"classes","indistinguishable-b","development","resolver-v2","indistinguishable","ambiguous","1.6000000089406967","","42","","duplicate-context",""
"classes","indistinguishable-b","development","finder-default","indistinguishable","wrong","4.96349999999984","1","","","",""
"classes","indistinguishable-b","development","finder-filtered","indistinguishable","wrong","3.532749999999396","1","","","",""
"classes","indistinguishable-b","development","dom-to-locator","indistinguishable","wrong","3.6469999999999345","1","","","",""
"classes","indistinguishable-b","development","mizchi","indistinguishable","wrong","3.853417000000263","1","","","",""
"classes","phone","held-out","resolver-v2","eligible","correct","1.6000000089406967","","42","semantic","",""
"classes","phone","held-out","finder-default","eligible","correct","4.972749999999905","1","","","",""
"classes","phone","held-out","finder-filtered","eligible","correct","3.076708000000508","1","","","",""
"classes","phone","held-out","dom-to-locator","eligible","correct","7.426000000000386","1","","","",""
"classes","phone","held-out","mizchi","eligible","correct","4.640667000000576","1","","","",""
"classes","url","held-out","resolver-v2","eligible","correct","1.7000000029802322","","42","semantic","",""
"classes","url","held-out","finder-default","eligible","correct","3.426749999999629","1","","","",""
"classes","url","held-out","finder-filtered","eligible","correct","3.0294999999996435","1","","","",""
"classes","url","held-out","dom-to-locator","eligible","correct","3.5654169999997976","1","","","",""
"classes","url","held-out","mizchi","eligible","correct","3.6193330000005517","1","","","",""
"classes","placeholder-search","held-out","resolver-v2","eligible","correct","1.5999999940395355","","42","semantic","",""
"classes","placeholder-search","held-out","finder-default","eligible","correct","3.3580420000007507","1","","","",""
"classes","placeholder-search","held-out","finder-filtered","eligible","correct","3.160707999999431","1","","","",""
"classes","placeholder-search","held-out","dom-to-locator","eligible","correct","3.093667000000096","1","","","",""
"classes","placeholder-search","held-out","mizchi","eligible","correct","3.321874999999636","1","","","",""
"classes","aria-name","held-out","resolver-v2","eligible","correct","1.800000011920929","","42","semantic","",""
"classes","aria-name","held-out","finder-default","eligible","correct","3.2593329999999696","1","","","",""
"classes","aria-name","held-out","finder-filtered","eligible","correct","2.7352920000002996","1","","","",""
"classes","aria-name","held-out","dom-to-locator","eligible","correct","3.95745800000077","1","","","",""
"classes","aria-name","held-out","mizchi","eligible","correct","3.111291000000165","1","","","",""
"classes","quantity","held-out","resolver-v2","eligible","correct","1.5","","42","semantic","",""
"classes","quantity","held-out","finder-default","eligible","correct","2.9605839999994714","1","","","",""
"classes","quantity","held-out","finder-filtered","eligible","correct","2.5951249999998254","1","","","",""
"classes","quantity","held-out","dom-to-locator","eligible","correct","3.2167499999995925","1","","","",""
"classes","quantity","held-out","mizchi","eligible","correct","3.032333999999537","1","","","",""
"classes","radio-online","held-out","resolver-v2","eligible","correct","1.5","","42","semantic","",""
"classes","radio-online","held-out","finder-default","eligible","correct","3.6330840000000535","1","","","",""
"classes","radio-online","held-out","finder-filtered","eligible","correct","2.91150000000016","1","","","",""
"classes","radio-online","held-out","dom-to-locator","eligible","correct","2.9882909999996627","1","","","",""
"classes","radio-online","held-out","mizchi","eligible","correct","2.5866249999999127","1","","","",""
"classes","radio-office","held-out","resolver-v2","eligible","correct","1.5","","42","semantic","",""
"classes","radio-office","held-out","finder-default","eligible","correct","3.3460419999992155","1","","","",""
"classes","radio-office","held-out","finder-filtered","eligible","correct","2.8201660000004267","1","","","",""
"classes","radio-office","held-out","dom-to-locator","eligible","correct","3.28320900000017","1","","","",""
"classes","radio-office","held-out","mizchi","eligible","correct","2.4591669999999795","1","","","",""
"classes","readonly","held-out","resolver-v2","eligible","correct","1.7999999970197678","","42","semantic","",""
"classes","readonly","held-out","finder-default","eligible","correct","3.4378749999996217","1","","","",""
"classes","readonly","held-out","finder-filtered","eligible","correct","2.802958000000217","1","","","",""
"classes","readonly","held-out","dom-to-locator","eligible","correct","3.4926249999998618","1","","","",""
"classes","readonly","held-out","mizchi","eligible","correct","2.6859170000006998","1","","","",""
"classes","disabled","held-out","resolver-v2","disabled","broken","1.7999999970197678","","42","","insufficient-evidence",""
"classes","disabled","held-out","finder-default","disabled","wrong","3.366041000000223","1","","","",""
"classes","disabled","held-out","finder-filtered","disabled","wrong","2.390582999999424","1","","","",""
"classes","disabled","held-out","dom-to-locator","disabled","wrong","7.684791000000587","1","","","",""
"classes","disabled","held-out","mizchi","disabled","wrong","3.1762500000004366","1","","","",""
"classes","link","held-out","resolver-v2","eligible","correct","1.5999999940395355","","42","semantic","",""
"classes","link","held-out","finder-default","eligible","correct","2.8261249999995925","1","","","",""
"classes","link","held-out","finder-filtered","eligible","correct","2.3815420000000813","1","","","",""
"classes","link","held-out","dom-to-locator","eligible","correct","3.1411669999997684","1","","","",""
"classes","link","held-out","mizchi","eligible","correct","2.627292000000125","1","","","",""
"classes","title-button","held-out","resolver-v2","eligible","correct","1.5","","42","semantic","",""
"classes","title-button","held-out","finder-default","eligible","correct","3.251083999999537","1","","","",""
"classes","title-button","held-out","finder-filtered","eligible","correct","2.3407079999997222","1","","","",""
"classes","title-button","held-out","dom-to-locator","eligible","correct","4.386583999999857","1","","","",""
"classes","title-button","held-out","mizchi","eligible","correct","3.2606660000001284","1","","","",""
"classes","second-textarea","held-out","resolver-v2","eligible","correct","1.5","","42","semantic","",""
"classes","second-textarea","held-out","finder-default","eligible","correct","3.2127500000005966","1","","","",""
"classes","second-textarea","held-out","finder-filtered","eligible","correct","2.753375000000233","1","","","",""
"classes","second-textarea","held-out","dom-to-locator","eligible","correct","3.4243329999999332","1","","","",""
"classes","second-textarea","held-out","mizchi","eligible","correct","2.844165999999859","1","","","",""
"classes","row-elena","held-out","resolver-v2","eligible","correct","1.5999999940395355","","42","semantic","",""
"classes","row-elena","held-out","finder-default","eligible","correct","2.969458000000486","1","","","",""
"classes","row-elena","held-out","finder-filtered","eligible","correct","2.9390829999993002","1","","","",""
"classes","row-elena","held-out","dom-to-locator","eligible","correct","3.8958749999992506","1","","","",""
"classes","row-elena","held-out","mizchi","eligible","correct","3.502375000000029","1","","","",""
"classes","row-igor","held-out","resolver-v2","eligible","correct","1.7999999970197678","","42","semantic","",""
"classes","row-igor","held-out","finder-default","eligible","correct","3.3066250000001673","1","","","",""
"classes","row-igor","held-out","finder-filtered","eligible","correct","2.9795420000000377","1","","","",""
"classes","row-igor","held-out","dom-to-locator","eligible","correct","3.378415999999561","1","","","",""
"classes","row-igor","held-out","mizchi","eligible","correct","3.239375000000109","1","","","",""
"nesting","text","development","resolver-v2","eligible","correct","4.399999991059303","","42","semantic","",""
"nesting","text","development","finder-default","eligible","correct","4.815042000000176","1","","","",""
"nesting","text","development","finder-filtered","eligible","correct","3.0872499999995853","1","","","",""
"nesting","text","development","dom-to-locator","eligible","correct","7.121707999999671","1","","","",""
"nesting","text","development","mizchi","eligible","correct","5.367958000000726","1","","","",""
"nesting","email","development","resolver-v2","eligible","correct","1.5999999940395355","","42","semantic","",""
"nesting","email","development","finder-default","eligible","correct","3.0541250000005675","1","","","",""
"nesting","email","development","finder-filtered","eligible","correct","2.828457999999955","1","","","",""
"nesting","email","development","dom-to-locator","eligible","correct","5.992334000000483","1","","","",""
"nesting","email","development","mizchi","eligible","correct","3.863459000000148","1","","","",""
"nesting","select","development","resolver-v2","eligible","correct","1.7000000029802322","","42","semantic","",""
"nesting","select","development","finder-default","eligible","correct","4.524124999999913","1","","","",""
"nesting","select","development","finder-filtered","eligible","correct","4.737333000000035","1","","","",""
"nesting","select","development","dom-to-locator","eligible","correct","3.7720839999992677","1","","","",""
"nesting","select","development","mizchi","eligible","correct","3.1021670000000086","1","","","",""
"nesting","number","development","resolver-v2","eligible","correct","1.7999999970197678","","42","semantic","",""
"nesting","number","development","finder-default","eligible","correct","3.2983750000003056","1","","","",""
"nesting","number","development","finder-filtered","eligible","correct","4.2158339999996315","1","","","",""
"nesting","number","development","dom-to-locator","eligible","correct","3.943207999999686","1","","","",""
"nesting","number","development","mizchi","eligible","correct","2.9010000000007494","1","","","",""
"nesting","checkbox","development","resolver-v2","eligible","correct","1.7000000029802322","","42","semantic","",""
"nesting","checkbox","development","finder-default","eligible","correct","4.36987500000032","1","","","",""
"nesting","checkbox","development","finder-filtered","eligible","correct","2.7731669999993755","1","","","",""
"nesting","checkbox","development","dom-to-locator","eligible","correct","3.504541999999674","1","","","",""
"nesting","checkbox","development","mizchi","eligible","correct","2.6838749999997162","1","","","",""
"nesting","switch","development","resolver-v2","eligible","correct","1.5","","42","semantic","",""
"nesting","switch","development","finder-default","eligible","correct","4.593417000000045","1","","","",""
"nesting","switch","development","finder-filtered","eligible","correct","3.2952079999995476","1","","","",""
"nesting","switch","development","dom-to-locator","eligible","correct","3.1239590000004682","1","","","",""
"nesting","switch","development","mizchi","eligible","correct","3.0397090000005846","1","","","",""
"nesting","textarea","development","resolver-v2","eligible","correct","1.3999999910593033","","42","semantic","",""
"nesting","textarea","development","finder-default","eligible","correct","4.794207999999344","1","","","",""
"nesting","textarea","development","finder-filtered","eligible","correct","2.686250000000655","1","","","",""
"nesting","textarea","development","dom-to-locator","eligible","correct","3.511583000000428","1","","","",""
"nesting","textarea","development","mizchi","eligible","correct","3.528707999999824","1","","","",""
"nesting","date","development","resolver-v2","eligible","correct","1.4000000059604645","","42","semantic","",""
"nesting","date","development","finder-default","eligible","correct","6.13904199999979","1","","","",""
"nesting","date","development","finder-filtered","eligible","correct","2.6284999999998035","1","","","",""
"nesting","date","development","dom-to-locator","eligible","correct","4.312291999999616","1","","","",""
"nesting","date","development","mizchi","eligible","correct","4.429124999999658","1","","","",""
"nesting","continue","development","resolver-v2","eligible","correct","1.2999999970197678","","42","semantic","",""
"nesting","continue","development","finder-default","eligible","broken","0.8715830000001006","0","","","",""
"nesting","continue","development","finder-filtered","eligible","broken","0.6030000000000655","0","","","",""
"nesting","continue","development","dom-to-locator","eligible","correct","3.706666000000041","1","","","",""
"nesting","continue","development","mizchi","eligible","correct","3.719999999999345","1","","","",""
"nesting","icon-button","development","resolver-v2","eligible","correct","1.5999999940395355","","42","semantic","",""
"nesting","icon-button","development","finder-default","eligible","broken","0.9116250000006403","0","","","",""
"nesting","icon-button","development","finder-filtered","eligible","broken","0.6297080000003916","0","","","",""
"nesting","icon-button","development","dom-to-locator","eligible","correct","3.998374999999214","1","","","",""
"nesting","icon-button","development","mizchi","eligible","correct","3.348457999999482","1","","","",""
"nesting","repeat-anna","development","resolver-v2","eligible","correct","1.5","","42","semantic","",""
"nesting","repeat-anna","development","finder-default","eligible","broken","0.9214579999998023","0","","","",""
"nesting","repeat-anna","development","finder-filtered","eligible","broken","0.7907080000004498","0","","","",""
"nesting","repeat-anna","development","dom-to-locator","eligible","correct","4.709249999999884","1","","","",""
"nesting","repeat-anna","development","mizchi","eligible","correct","3.5923329999995985","1","","","",""
"nesting","repeat-boris","development","resolver-v2","eligible","correct","1.5","","42","semantic","",""
"nesting","repeat-boris","development","finder-default","eligible","broken","0.9736249999996289","0","","","",""
"nesting","repeat-boris","development","finder-filtered","eligible","broken","0.6445409999996627","0","","","",""
"nesting","repeat-boris","development","dom-to-locator","eligible","correct","3.2487080000000788","1","","","",""
"nesting","repeat-boris","development","mizchi","eligible","correct","2.514999999999418","1","","","",""
"nesting","indistinguishable-a","development","resolver-v2","indistinguishable","ambiguous","1.2999999970197678","","42","","duplicate-context",""
"nesting","indistinguishable-a","development","finder-default","indistinguishable","broken","0.9342909999995754","0","","","",""
"nesting","indistinguishable-a","development","finder-filtered","indistinguishable","broken","0.8125","0","","","",""
"nesting","indistinguishable-a","development","dom-to-locator","indistinguishable","wrong","3.831083999999464","1","","","",""
"nesting","indistinguishable-a","development","mizchi","indistinguishable","wrong","3.399083000000246","1","","","",""
"nesting","indistinguishable-b","development","resolver-v2","indistinguishable","ambiguous","1.4000000059604645","","42","","duplicate-context",""
"nesting","indistinguishable-b","development","finder-default","indistinguishable","broken","0.9157500000001164","0","","","",""
"nesting","indistinguishable-b","development","finder-filtered","indistinguishable","broken","1.9801669999997102","0","","","",""
"nesting","indistinguishable-b","development","dom-to-locator","indistinguishable","wrong","4.2647500000002765","1","","","",""
"nesting","indistinguishable-b","development","mizchi","indistinguishable","wrong","3.5039999999999054","1","","","",""
"nesting","phone","held-out","resolver-v2","eligible","correct","1.6000000089406967","","42","semantic","",""
"nesting","phone","held-out","finder-default","eligible","correct","3.3518340000000535","1","","","",""
"nesting","phone","held-out","finder-filtered","eligible","correct","4.634791000000405","1","","","",""
"nesting","phone","held-out","dom-to-locator","eligible","correct","4.166458000000603","1","","","",""
"nesting","phone","held-out","mizchi","eligible","correct","3.2066249999998035","1","","","",""
"nesting","url","held-out","resolver-v2","eligible","correct","1.7999999970197678","","42","semantic","",""
"nesting","url","held-out","finder-default","eligible","correct","4.748915999999554","1","","","",""
"nesting","url","held-out","finder-filtered","eligible","correct","3.1356660000001284","1","","","",""
"nesting","url","held-out","dom-to-locator","eligible","correct","3.9547920000004524","1","","","",""
"nesting","url","held-out","mizchi","eligible","correct","3.3284999999996217","1","","","",""
"nesting","placeholder-search","held-out","resolver-v2","eligible","correct","1.5","","42","semantic","",""
"nesting","placeholder-search","held-out","finder-default","eligible","broken","1.104167000000416","0","","","",""
"nesting","placeholder-search","held-out","finder-filtered","eligible","correct","3.6298329999999623","1","","","",""
"nesting","placeholder-search","held-out","dom-to-locator","eligible","correct","3.159834000000046","1","","","",""
"nesting","placeholder-search","held-out","mizchi","eligible","correct","6.88287500000024","1","","","",""
"nesting","aria-name","held-out","resolver-v2","eligible","correct","1.7000000029802322","","42","semantic","",""
"nesting","aria-name","held-out","finder-default","eligible","broken","0.9430419999998776","0","","","",""
"nesting","aria-name","held-out","finder-filtered","eligible","broken","0.8781249999992724","0","","","",""
"nesting","aria-name","held-out","dom-to-locator","eligible","correct","3.7936250000002474","1","","","",""
"nesting","aria-name","held-out","mizchi","eligible","correct","3.1459579999991547","1","","","",""
"nesting","quantity","held-out","resolver-v2","eligible","correct","1.3999999910593033","","42","semantic","",""
"nesting","quantity","held-out","finder-default","eligible","correct","3.727791000000252","1","","","",""
"nesting","quantity","held-out","finder-filtered","eligible","correct","2.6224999999994907","1","","","",""
"nesting","quantity","held-out","dom-to-locator","eligible","correct","3.645292000000154","1","","","",""
"nesting","quantity","held-out","mizchi","eligible","correct","3.0363750000005894","1","","","",""
"nesting","radio-online","held-out","resolver-v2","eligible","correct","1.2000000029802322","","42","semantic","",""
"nesting","radio-online","held-out","finder-default","eligible","broken","0.8733339999998861","0","","","",""
"nesting","radio-online","held-out","finder-filtered","eligible","broken","0.5664170000000013","0","","","",""
"nesting","radio-online","held-out","dom-to-locator","eligible","correct","3.038709000000381","1","","","",""
"nesting","radio-online","held-out","mizchi","eligible","correct","3.1672920000000886","1","","","",""
"nesting","radio-office","held-out","resolver-v2","eligible","correct","1.2999999970197678","","42","semantic","",""
"nesting","radio-office","held-out","finder-default","eligible","broken","0.7667079999991984","0","","","",""
"nesting","radio-office","held-out","finder-filtered","eligible","broken","0.5327079999997295","0","","","",""
"nesting","radio-office","held-out","dom-to-locator","eligible","correct","3.5596250000007785","1","","","",""
"nesting","radio-office","held-out","mizchi","eligible","correct","3.22925000000032","1","","","",""
"nesting","readonly","held-out","resolver-v2","eligible","correct","1.699999988079071","","42","semantic","",""
"nesting","readonly","held-out","finder-default","eligible","correct","3.6243750000003274","1","","","",""
"nesting","readonly","held-out","finder-filtered","eligible","broken","0.8377500000005966","0","","","",""
"nesting","readonly","held-out","dom-to-locator","eligible","correct","3.6754579999997077","1","","","",""
"nesting","readonly","held-out","mizchi","eligible","correct","3.1681250000001455","1","","","",""
"nesting","disabled","held-out","resolver-v2","disabled","broken","1.5","","42","","insufficient-evidence",""
"nesting","disabled","held-out","finder-default","disabled","broken","0.8329169999997248","0","","","",""
"nesting","disabled","held-out","finder-filtered","disabled","broken","0.7411250000004657","0","","","",""
"nesting","disabled","held-out","dom-to-locator","disabled","wrong","3.942291999999725","1","","","",""
"nesting","disabled","held-out","mizchi","disabled","wrong","2.867583999999624","1","","","",""
"nesting","link","held-out","resolver-v2","eligible","correct","1.5999999940395355","","42","semantic","",""
"nesting","link","held-out","finder-default","eligible","correct","3.3275409999996555","1","","","",""
"nesting","link","held-out","finder-filtered","eligible","correct","2.835917000000336","1","","","",""
"nesting","link","held-out","dom-to-locator","eligible","correct","3.3688750000001164","1","","","",""
"nesting","link","held-out","mizchi","eligible","correct","2.8062909999998737","1","","","",""
"nesting","title-button","held-out","resolver-v2","eligible","correct","1.5","","42","semantic","",""
"nesting","title-button","held-out","finder-default","eligible","broken","0.8672499999993306","0","","","",""
"nesting","title-button","held-out","finder-filtered","eligible","correct","3.2705830000004426","1","","","",""
"nesting","title-button","held-out","dom-to-locator","eligible","correct","3.5039579999993293","1","","","",""
"nesting","title-button","held-out","mizchi","eligible","correct","4.198040999999648","1","","","",""
"nesting","second-textarea","held-out","resolver-v2","eligible","correct","1.4000000059604645","","42","semantic","",""
"nesting","second-textarea","held-out","finder-default","eligible","correct","3.275709000000461","1","","","",""
"nesting","second-textarea","held-out","finder-filtered","eligible","correct","2.6964579999994385","1","","","",""
"nesting","second-textarea","held-out","dom-to-locator","eligible","correct","3.4862080000002607","1","","","",""
"nesting","second-textarea","held-out","mizchi","eligible","correct","3.281625000000531","1","","","",""
"nesting","row-elena","held-out","resolver-v2","eligible","correct","1.5","","42","semantic","",""
"nesting","row-elena","held-out","finder-default","eligible","correct","2.883958999999777","1","","","",""
"nesting","row-elena","held-out","finder-filtered","eligible","correct","3.3553750000000946","1","","","",""
"nesting","row-elena","held-out","dom-to-locator","eligible","correct","3.3317919999999503","1","","","",""
"nesting","row-elena","held-out","mizchi","eligible","broken","0.6818750000002183","0","","","",""
"nesting","row-igor","held-out","resolver-v2","eligible","correct","1.4000000059604645","","42","semantic","",""
"nesting","row-igor","held-out","finder-default","eligible","correct","3.587999999999738","1","","","",""
"nesting","row-igor","held-out","finder-filtered","eligible","correct","3.070832999999766","1","","","",""
"nesting","row-igor","held-out","dom-to-locator","eligible","correct","3.602375000000393","1","","","",""
"nesting","row-igor","held-out","mizchi","eligible","broken","0.7234589999998207","0","","","",""
"button-content","text","development","resolver-v2","eligible","correct","4.199999988079071","","42","semantic","",""
"button-content","text","development","finder-default","eligible","correct","4.081166999999368","1","","","",""
"button-content","text","development","finder-filtered","eligible","correct","2.763958999999886","1","","","",""
"button-content","text","development","dom-to-locator","eligible","correct","6.144249999999374","1","","","",""
"button-content","text","development","mizchi","eligible","correct","3.990500000000793","1","","","",""
"button-content","email","development","resolver-v2","eligible","correct","1.5999999940395355","","42","semantic","",""
"button-content","email","development","finder-default","eligible","correct","3.420040999999401","1","","","",""
"button-content","email","development","finder-filtered","eligible","correct","2.9093330000005153","1","","","",""
"button-content","email","development","dom-to-locator","eligible","correct","3.52141599999959","1","","","",""
"button-content","email","development","mizchi","eligible","correct","3.3328330000003916","1","","","",""
"button-content","select","development","resolver-v2","eligible","correct","1.5","","42","semantic","",""
"button-content","select","development","finder-default","eligible","correct","4.45245900000009","1","","","",""
"button-content","select","development","finder-filtered","eligible","correct","3.5049589999998716","1","","","",""
"button-content","select","development","dom-to-locator","eligible","correct","3.8842909999993935","1","","","",""
"button-content","select","development","mizchi","eligible","correct","3.2090419999994992","1","","","",""
"button-content","number","development","resolver-v2","eligible","correct","1.5","","42","semantic","",""
"button-content","number","development","finder-default","eligible","correct","4.909499999999753","1","","","",""
"button-content","number","development","finder-filtered","eligible","correct","2.770375000000058","1","","","",""
"button-content","number","development","dom-to-locator","eligible","correct","4.10858399999961","1","","","",""
"button-content","number","development","mizchi","eligible","correct","3.794750000000022","1","","","",""
"button-content","checkbox","development","resolver-v2","eligible","correct","1.5","","42","semantic","",""
"button-content","checkbox","development","finder-default","eligible","correct","3.543374999999287","1","","","",""
"button-content","checkbox","development","finder-filtered","eligible","correct","2.379041000000143","1","","","",""
"button-content","checkbox","development","dom-to-locator","eligible","correct","4.11645899999985","1","","","",""
"button-content","checkbox","development","mizchi","eligible","correct","3.7055419999996957","1","","","",""
"button-content","switch","development","resolver-v2","eligible","correct","1.3999999910593033","","42","semantic","",""
"button-content","switch","development","finder-default","eligible","correct","3.47137500000008","1","","","",""
"button-content","switch","development","finder-filtered","eligible","correct","2.875750000000153","1","","","",""
"button-content","switch","development","dom-to-locator","eligible","correct","3.2710839999999735","1","","","",""
"button-content","switch","development","mizchi","eligible","correct","3.5495410000003176","1","","","",""
"button-content","textarea","development","resolver-v2","eligible","correct","1.5","","42","semantic","",""
"button-content","textarea","development","finder-default","eligible","correct","2.788832999999613","1","","","",""
"button-content","textarea","development","finder-filtered","eligible","correct","2.680083999999624","1","","","",""
"button-content","textarea","development","dom-to-locator","eligible","correct","3.6232499999996435","1","","","",""
"button-content","textarea","development","mizchi","eligible","correct","3.243999999999687","1","","","",""
"button-content","date","development","resolver-v2","eligible","correct","1.9000000059604645","","42","semantic","",""
"button-content","date","development","finder-default","eligible","correct","3.5047080000003916","1","","","",""
"button-content","date","development","finder-filtered","eligible","correct","2.9316659999994954","1","","","",""
"button-content","date","development","dom-to-locator","eligible","correct","3.5453749999996944","1","","","",""
"button-content","date","development","mizchi","eligible","correct","3.3104169999996884","1","","","",""
"button-content","continue","development","resolver-v2","eligible","correct","1.5","","42","semantic","",""
"button-content","continue","development","finder-default","eligible","correct","3.339375000000473","1","","","",""
"button-content","continue","development","finder-filtered","eligible","correct","2.8934159999998883","1","","","",""
"button-content","continue","development","dom-to-locator","eligible","correct","4.524916999999732","1","","","",""
"button-content","continue","development","mizchi","eligible","correct","7.734000000000378","1","","","",""
"button-content","icon-button","development","resolver-v2","eligible","correct","1.5","","42","semantic","",""
"button-content","icon-button","development","finder-default","eligible","correct","3.30987499999992","1","","","",""
"button-content","icon-button","development","finder-filtered","eligible","correct","2.845874999999978","1","","","",""
"button-content","icon-button","development","dom-to-locator","eligible","correct","4.17712500000016","1","","","",""
"button-content","icon-button","development","mizchi","eligible","correct","3.2909169999993537","1","","","",""
"button-content","repeat-anna","development","resolver-v2","eligible","correct","1.4000000059604645","","42","semantic","",""
"button-content","repeat-anna","development","finder-default","eligible","correct","3.385874999999942","1","","","",""
"button-content","repeat-anna","development","finder-filtered","eligible","correct","2.7498750000004293","1","","","",""
"button-content","repeat-anna","development","dom-to-locator","eligible","correct","3.377042000000074","1","","","",""
"button-content","repeat-anna","development","mizchi","eligible","correct","3.1156670000000304","1","","","",""
"button-content","repeat-boris","development","resolver-v2","eligible","correct","1.2999999970197678","","42","semantic","",""
"button-content","repeat-boris","development","finder-default","eligible","correct","3.19537500000024","1","","","",""
"button-content","repeat-boris","development","finder-filtered","eligible","correct","2.870249999999942","1","","","",""
"button-content","repeat-boris","development","dom-to-locator","eligible","correct","2.8689170000006925","1","","","",""
"button-content","repeat-boris","development","mizchi","eligible","correct","3.0927080000001297","1","","","",""
"button-content","indistinguishable-a","development","resolver-v2","indistinguishable","ambiguous","1.2999999970197678","","42","","duplicate-context",""
"button-content","indistinguishable-a","development","finder-default","indistinguishable","wrong","3.2935829999996713","1","","","",""
"button-content","indistinguishable-a","development","finder-filtered","indistinguishable","wrong","2.839791999999761","1","","","",""
"button-content","indistinguishable-a","development","dom-to-locator","indistinguishable","wrong","3.860125000000153","1","","","",""
"button-content","indistinguishable-a","development","mizchi","indistinguishable","wrong","3.5765840000003664","1","","","",""
"button-content","indistinguishable-b","development","resolver-v2","indistinguishable","ambiguous","1.3999999910593033","","42","","duplicate-context",""
"button-content","indistinguishable-b","development","finder-default","indistinguishable","wrong","2.9063749999995707","1","","","",""
"button-content","indistinguishable-b","development","finder-filtered","indistinguishable","wrong","3.0397499999999127","1","","","",""
"button-content","indistinguishable-b","development","dom-to-locator","indistinguishable","wrong","4.159208000000035","1","","","",""
"button-content","indistinguishable-b","development","mizchi","indistinguishable","wrong","3.7349169999997684","1","","","",""
"button-content","phone","held-out","resolver-v2","eligible","correct","1.5","","42","semantic","",""
"button-content","phone","held-out","finder-default","eligible","correct","3.3838329999998678","1","","","",""
"button-content","phone","held-out","finder-filtered","eligible","correct","3.179500000000189","1","","","",""
"button-content","phone","held-out","dom-to-locator","eligible","correct","3.528542000000016","1","","","",""
"button-content","phone","held-out","mizchi","eligible","correct","2.699583999999959","1","","","",""
"button-content","url","held-out","resolver-v2","eligible","correct","1.300000011920929","","42","semantic","",""
"button-content","url","held-out","finder-default","eligible","correct","2.835124999999607","1","","","",""
"button-content","url","held-out","finder-filtered","eligible","correct","2.5054589999999735","1","","","",""
"button-content","url","held-out","dom-to-locator","eligible","correct","3.625042000000576","1","","","",""
"button-content","url","held-out","mizchi","eligible","correct","2.9466249999995853","1","","","",""
"button-content","placeholder-search","held-out","resolver-v2","eligible","correct","1.4000000059604645","","42","semantic","",""
"button-content","placeholder-search","held-out","finder-default","eligible","correct","3.213459000000512","1","","","",""
"button-content","placeholder-search","held-out","finder-filtered","eligible","correct","2.590374999999767","1","","","",""
"button-content","placeholder-search","held-out","dom-to-locator","eligible","correct","3.026582999999846","1","","","",""
"button-content","placeholder-search","held-out","mizchi","eligible","correct","2.7629580000002534","1","","","",""
"button-content","aria-name","held-out","resolver-v2","eligible","correct","1.2000000029802322","","42","semantic","",""
"button-content","aria-name","held-out","finder-default","eligible","correct","3.430333999999675","1","","","",""
"button-content","aria-name","held-out","finder-filtered","eligible","correct","3.266208000000006","1","","","",""
"button-content","aria-name","held-out","dom-to-locator","eligible","correct","3.8974170000001322","1","","","",""
"button-content","aria-name","held-out","mizchi","eligible","correct","3.0543330000000424","1","","","",""
"button-content","quantity","held-out","resolver-v2","eligible","correct","1.3999999910593033","","42","semantic","",""
"button-content","quantity","held-out","finder-default","eligible","correct","3.3277079999998023","1","","","",""
"button-content","quantity","held-out","finder-filtered","eligible","correct","2.331250000000182","1","","","",""
"button-content","quantity","held-out","dom-to-locator","eligible","correct","6.2994580000004134","1","","","",""
"button-content","quantity","held-out","mizchi","eligible","correct","2.6966670000001614","1","","","",""
"button-content","radio-online","held-out","resolver-v2","eligible","correct","1.2999999970197678","","42","semantic","",""
"button-content","radio-online","held-out","finder-default","eligible","correct","3.329834000000119","1","","","",""
"button-content","radio-online","held-out","finder-filtered","eligible","correct","2.6647499999999127","1","","","",""
"button-content","radio-online","held-out","dom-to-locator","eligible","correct","3.2243340000004537","1","","","",""
"button-content","radio-online","held-out","mizchi","eligible","correct","3.277874999999767","1","","","",""
"button-content","radio-office","held-out","resolver-v2","eligible","correct","1.4000000059604645","","42","semantic","",""
"button-content","radio-office","held-out","finder-default","eligible","correct","3.4233750000003056","1","","","",""
"button-content","radio-office","held-out","finder-filtered","eligible","correct","2.371125000000575","1","","","",""
"button-content","radio-office","held-out","dom-to-locator","eligible","correct","3.0895000000000437","1","","","",""
"button-content","radio-office","held-out","mizchi","eligible","correct","3.101459000000432","1","","","",""
"button-content","readonly","held-out","resolver-v2","eligible","correct","1.4000000059604645","","42","semantic","",""
"button-content","readonly","held-out","finder-default","eligible","correct","2.9772499999999127","1","","","",""
"button-content","readonly","held-out","finder-filtered","eligible","correct","2.967290999999932","1","","","",""
"button-content","readonly","held-out","dom-to-locator","eligible","correct","3.2240840000004027","1","","","",""
"button-content","readonly","held-out","mizchi","eligible","correct","2.940332999999555","1","","","",""
"button-content","disabled","held-out","resolver-v2","disabled","broken","1.4000000059604645","","42","","insufficient-evidence",""
"button-content","disabled","held-out","finder-default","disabled","wrong","3.043000000000575","1","","","",""
"button-content","disabled","held-out","finder-filtered","disabled","wrong","3.0764579999995476","1","","","",""
"button-content","disabled","held-out","dom-to-locator","disabled","wrong","3.7115420000000086","1","","","",""
"button-content","disabled","held-out","mizchi","disabled","wrong","3.125457999999526","1","","","",""
"button-content","link","held-out","resolver-v2","eligible","correct","1.5","","42","semantic","",""
"button-content","link","held-out","finder-default","eligible","correct","3.12933300000077","1","","","",""
"button-content","link","held-out","finder-filtered","eligible","correct","2.83849999999984","1","","","",""
"button-content","link","held-out","dom-to-locator","eligible","correct","3.1525830000000497","1","","","",""
"button-content","link","held-out","mizchi","eligible","correct","2.8335409999999683","1","","","",""
"button-content","title-button","held-out","resolver-v2","eligible","correct","1.2000000029802322","","42","semantic","",""
"button-content","title-button","held-out","finder-default","eligible","correct","3.0347079999992275","1","","","",""
"button-content","title-button","held-out","finder-filtered","eligible","correct","2.673124999999345","1","","","",""
"button-content","title-button","held-out","dom-to-locator","eligible","correct","3.7100000000000364","1","","","",""
"button-content","title-button","held-out","mizchi","eligible","correct","7.378624999999374","1","","","",""
"button-content","second-textarea","held-out","resolver-v2","eligible","correct","1.3999999910593033","","42","semantic","",""
"button-content","second-textarea","held-out","finder-default","eligible","correct","3.119832999999744","1","","","",""
"button-content","second-textarea","held-out","finder-filtered","eligible","correct","2.776625000000422","1","","","",""
"button-content","second-textarea","held-out","dom-to-locator","eligible","correct","3.1184579999999187","1","","","",""
"button-content","second-textarea","held-out","mizchi","eligible","correct","2.8702910000001793","1","","","",""
"button-content","row-elena","held-out","resolver-v2","eligible","correct","1.2999999970197678","","42","semantic","",""
"button-content","row-elena","held-out","finder-default","eligible","correct","2.8077089999997042","1","","","",""
"button-content","row-elena","held-out","finder-filtered","eligible","correct","2.8378750000001673","1","","","",""
"button-content","row-elena","held-out","dom-to-locator","eligible","correct","3.9046670000006998","1","","","",""
"button-content","row-elena","held-out","mizchi","eligible","correct","3.0609999999996944","1","","","",""
"button-content","row-igor","held-out","resolver-v2","eligible","correct","1.300000011920929","","42","semantic","",""
"button-content","row-igor","held-out","finder-default","eligible","correct","3.1749589999999444","1","","","",""
"button-content","row-igor","held-out","finder-filtered","eligible","correct","2.925333999999566","1","","","",""
"button-content","row-igor","held-out","dom-to-locator","eligible","correct","3.866291999999703","1","","","",""
"button-content","row-igor","held-out","mizchi","eligible","correct","3.3500410000006013","1","","","",""
"move-container","text","development","resolver-v2","eligible","correct","4.299999997019768","","42","semantic","",""
"move-container","text","development","finder-default","eligible","correct","3.7098329999998896","1","","","",""
"move-container","text","development","finder-filtered","eligible","correct","3.783625000000029","1","","","",""
"move-container","text","development","dom-to-locator","eligible","correct","5.537792000000081","1","","","",""
"move-container","text","development","mizchi","eligible","correct","4.098125000000437","1","","","",""
"move-container","email","development","resolver-v2","eligible","correct","1.4000000059604645","","42","semantic","",""
"move-container","email","development","finder-default","eligible","correct","3.2661660000003394","1","","","",""
"move-container","email","development","finder-filtered","eligible","correct","2.5247920000001614","1","","","",""
"move-container","email","development","dom-to-locator","eligible","correct","3.831500000000233","1","","","",""
"move-container","email","development","mizchi","eligible","correct","3.154207999999926","1","","","",""
"move-container","select","development","resolver-v2","eligible","correct","1.4000000059604645","","42","semantic","",""
"move-container","select","development","finder-default","eligible","correct","3.350124999999025","1","","","",""
"move-container","select","development","finder-filtered","eligible","correct","2.6687499999989086","1","","","",""
"move-container","select","development","dom-to-locator","eligible","correct","3.2953750000015134","1","","","",""
"move-container","select","development","mizchi","eligible","correct","3.319999999999709","1","","","",""
"move-container","number","development","resolver-v2","eligible","correct","1.3999999910593033","","42","semantic","",""
"move-container","number","development","finder-default","eligible","correct","3.7157919999990554","1","","","",""
"move-container","number","development","finder-filtered","eligible","correct","2.623250000000553","1","","","",""
"move-container","number","development","dom-to-locator","eligible","correct","4.13104100000055","1","","","",""
"move-container","number","development","mizchi","eligible","correct","2.705083000000741","1","","","",""
"move-container","checkbox","development","resolver-v2","eligible","correct","1.5","","42","semantic","",""
"move-container","checkbox","development","finder-default","eligible","correct","3.612375000000611","1","","","",""
"move-container","checkbox","development","finder-filtered","eligible","correct","3.040624999999636","1","","","",""
"move-container","checkbox","development","dom-to-locator","eligible","correct","3.326875000000655","1","","","",""
"move-container","checkbox","development","mizchi","eligible","correct","3.017250000000786","1","","","",""
"move-container","switch","development","resolver-v2","eligible","correct","1.7000000029802322","","42","semantic","",""
"move-container","switch","development","finder-default","eligible","correct","3.4772919999995793","1","","","",""
"move-container","switch","development","finder-filtered","eligible","correct","3.0376670000005106","1","","","",""
"move-container","switch","development","dom-to-locator","eligible","correct","3.3508330000004207","1","","","",""
"move-container","switch","development","mizchi","eligible","correct","3.0473330000004353","1","","","",""
"move-container","textarea","development","resolver-v2","eligible","correct","1.3999999910593033","","42","semantic","",""
"move-container","textarea","development","finder-default","eligible","correct","3.446416999999201","1","","","",""
"move-container","textarea","development","finder-filtered","eligible","correct","2.373458000000028","1","","","",""
"move-container","textarea","development","dom-to-locator","eligible","correct","3.4292500000010477","1","","","",""
"move-container","textarea","development","mizchi","eligible","correct","3.123749999998836","1","","","",""
"move-container","date","development","resolver-v2","eligible","correct","1.5","","42","semantic","",""
"move-container","date","development","finder-default","eligible","correct","3.181249999999636","1","","","",""
"move-container","date","development","finder-filtered","eligible","correct","2.706500000000233","1","","","",""
"move-container","date","development","dom-to-locator","eligible","correct","3.254416999998284","1","","","",""
"move-container","date","development","mizchi","eligible","correct","3.4445840000007593","1","","","",""
"move-container","continue","development","resolver-v2","eligible","correct","1.4000000059604645","","42","semantic","",""
"move-container","continue","development","finder-default","eligible","broken","3.8674580000006245","0","","","",""
"move-container","continue","development","finder-filtered","eligible","broken","0.900207999999111","0","","","",""
"move-container","continue","development","dom-to-locator","eligible","correct","4.53637499999968","1","","","",""
"move-container","continue","development","mizchi","eligible","correct","3.6300000000010186","1","","","",""
"move-container","icon-button","development","resolver-v2","eligible","correct","1.5","","42","semantic","",""
"move-container","icon-button","development","finder-default","eligible","broken","0.9079170000004524","0","","","",""
"move-container","icon-button","development","finder-filtered","eligible","broken","0.6804160000010597","0","","","",""
"move-container","icon-button","development","dom-to-locator","eligible","correct","3.6842500000002474","1","","","",""
"move-container","icon-button","development","mizchi","eligible","correct","2.5648330000003625","1","","","",""
"move-container","repeat-anna","development","resolver-v2","eligible","correct","1.1000000089406967","","42","semantic","",""
"move-container","repeat-anna","development","finder-default","eligible","correct","3.236332999998922","1","","","",""
"move-container","repeat-anna","development","finder-filtered","eligible","correct","2.6797090000000026","1","","","",""
"move-container","repeat-anna","development","dom-to-locator","eligible","correct","3.0837910000009288","1","","","",""
"move-container","repeat-anna","development","mizchi","eligible","correct","3.081000000000131","1","","","",""
"move-container","repeat-boris","development","resolver-v2","eligible","correct","1.2000000029802322","","42","semantic","",""
"move-container","repeat-boris","development","finder-default","eligible","correct","3.2536249999993743","1","","","",""
"move-container","repeat-boris","development","finder-filtered","eligible","correct","3.0992500000011205","1","","","",""
"move-container","repeat-boris","development","dom-to-locator","eligible","correct","2.698625000000902","1","","","",""
"move-container","repeat-boris","development","mizchi","eligible","correct","3.0578330000007554","1","","","",""
"move-container","indistinguishable-a","development","resolver-v2","indistinguishable","ambiguous","1.2999999970197678","","42","","duplicate-context",""
"move-container","indistinguishable-a","development","finder-default","indistinguishable","wrong","3.1971659999999247","1","","","",""
"move-container","indistinguishable-a","development","finder-filtered","indistinguishable","wrong","2.899041999999099","1","","","",""
"move-container","indistinguishable-a","development","dom-to-locator","indistinguishable","wrong","3.6691659999996773","1","","","",""
"move-container","indistinguishable-a","development","mizchi","indistinguishable","wrong","3.2653749999990396","1","","","",""
"move-container","indistinguishable-b","development","resolver-v2","indistinguishable","ambiguous","1.300000011920929","","42","","duplicate-context",""
"move-container","indistinguishable-b","development","finder-default","indistinguishable","wrong","2.767541999999594","1","","","",""
"move-container","indistinguishable-b","development","finder-filtered","indistinguishable","wrong","2.295416999999361","1","","","",""
"move-container","indistinguishable-b","development","dom-to-locator","indistinguishable","wrong","3.404000000000451","1","","","",""
"move-container","indistinguishable-b","development","mizchi","indistinguishable","wrong","3.361333000000741","1","","","",""
"move-container","phone","held-out","resolver-v2","eligible","correct","1.4000000059604645","","42","semantic","",""
"move-container","phone","held-out","finder-default","eligible","correct","3.135582999999315","1","","","",""
"move-container","phone","held-out","finder-filtered","eligible","correct","2.2042920000003505","1","","","",""
"move-container","phone","held-out","dom-to-locator","eligible","correct","2.9949589999996533","1","","","",""
"move-container","phone","held-out","mizchi","eligible","correct","3.0927499999997963","1","","","",""
"move-container","url","held-out","resolver-v2","eligible","correct","1.1000000089406967","","42","semantic","",""
"move-container","url","held-out","finder-default","eligible","correct","3.1428329999998823","1","","","",""
"move-container","url","held-out","finder-filtered","eligible","correct","2.919499999999971","1","","","",""
"move-container","url","held-out","dom-to-locator","eligible","correct","3.61829200000102","1","","","",""
"move-container","url","held-out","mizchi","eligible","correct","3.524790999999823","1","","","",""
"move-container","placeholder-search","held-out","resolver-v2","eligible","correct","1.5","","42","semantic","",""
"move-container","placeholder-search","held-out","finder-default","eligible","broken","0.8131250000005821","0","","","",""
"move-container","placeholder-search","held-out","finder-filtered","eligible","correct","3.0344999999997526","1","","","",""
"move-container","placeholder-search","held-out","dom-to-locator","eligible","correct","3.3603339999990567","1","","","",""
"move-container","placeholder-search","held-out","mizchi","eligible","correct","2.7481250000000728","1","","","",""
"move-container","aria-name","held-out","resolver-v2","eligible","correct","1.300000011920929","","42","semantic","",""
"move-container","aria-name","held-out","finder-default","eligible","broken","0.9573329999984708","0","","","",""
"move-container","aria-name","held-out","finder-filtered","eligible","broken","0.892041999999492","0","","","",""
"move-container","aria-name","held-out","dom-to-locator","eligible","correct","3.5812500000010914","1","","","",""
"move-container","aria-name","held-out","mizchi","eligible","correct","3.009250000000975","1","","","",""
"move-container","quantity","held-out","resolver-v2","eligible","correct","1.5999999940395355","","42","semantic","",""
"move-container","quantity","held-out","finder-default","eligible","correct","2.6649170000000595","1","","","",""
"move-container","quantity","held-out","finder-filtered","eligible","correct","2.5760840000002645","1","","","",""
"move-container","quantity","held-out","dom-to-locator","eligible","correct","3.095500000001266","1","","","",""
"move-container","quantity","held-out","mizchi","eligible","correct","2.9342500000002474","1","","","",""
"move-container","radio-online","held-out","resolver-v2","eligible","correct","1.2999999970197678","","42","semantic","",""
"move-container","radio-online","held-out","finder-default","eligible","correct","3.136916999999812","1","","","",""
"move-container","radio-online","held-out","finder-filtered","eligible","correct","2.65991700000086","1","","","",""
"move-container","radio-online","held-out","dom-to-locator","eligible","correct","4.127042000000074","1","","","",""
"move-container","radio-online","held-out","mizchi","eligible","correct","3.489083999998911","1","","","",""
"move-container","radio-office","held-out","resolver-v2","eligible","correct","1.2000000029802322","","42","semantic","",""
"move-container","radio-office","held-out","finder-default","eligible","correct","3.5225829999999405","1","","","",""
"move-container","radio-office","held-out","finder-filtered","eligible","correct","5.407999999999447","1","","","",""
"move-container","radio-office","held-out","dom-to-locator","eligible","correct","7.789083000001483","1","","","",""
"move-container","radio-office","held-out","mizchi","eligible","correct","3.9502919999995356","1","","","",""
"move-container","readonly","held-out","resolver-v2","eligible","correct","1.4000000059604645","","42","semantic","",""
"move-container","readonly","held-out","finder-default","eligible","correct","3.1140830000003916","1","","","",""
"move-container","readonly","held-out","finder-filtered","eligible","broken","0.6276669999988371","0","","","",""
"move-container","readonly","held-out","dom-to-locator","eligible","correct","4.038791000000856","1","","","",""
"move-container","readonly","held-out","mizchi","eligible","correct","3.0183749999996508","1","","","",""
"move-container","disabled","held-out","resolver-v2","disabled","broken","1.2000000029802322","","42","","insufficient-evidence",""
"move-container","disabled","held-out","finder-default","disabled","wrong","3.7905829999999696","1","","","",""
"move-container","disabled","held-out","finder-filtered","disabled","wrong","4.691082999999708","1","","","",""
"move-container","disabled","held-out","dom-to-locator","disabled","wrong","5.311792000000423","1","","","",""
"move-container","disabled","held-out","mizchi","disabled","wrong","3.100125000000844","1","","","",""
"move-container","link","held-out","resolver-v2","eligible","correct","1.5999999940395355","","42","semantic","",""
"move-container","link","held-out","finder-default","eligible","correct","3.8537090000008902","1","","","",""
"move-container","link","held-out","finder-filtered","eligible","correct","3.245167000000947","1","","","",""
"move-container","link","held-out","dom-to-locator","eligible","correct","3.084958999999799","1","","","",""
"move-container","link","held-out","mizchi","eligible","correct","4.128875000000335","1","","","",""
"move-container","title-button","held-out","resolver-v2","eligible","correct","1.2999999970197678","","42","semantic","",""
"move-container","title-button","held-out","finder-default","eligible","broken","1.0033750000002328","0","","","",""
"move-container","title-button","held-out","finder-filtered","eligible","correct","4.666583000000173","1","","","",""
"move-container","title-button","held-out","dom-to-locator","eligible","correct","4.179208999999901","1","","","",""
"move-container","title-button","held-out","mizchi","eligible","correct","4.957625000000917","1","","","",""
"move-container","second-textarea","held-out","resolver-v2","eligible","correct","1.3999999910593033","","42","semantic","",""
"move-container","second-textarea","held-out","finder-default","eligible","correct","4.717125000001033","1","","","",""
"move-container","second-textarea","held-out","finder-filtered","eligible","correct","3.4425419999988662","1","","","",""
"move-container","second-textarea","held-out","dom-to-locator","eligible","correct","4.920249999999214","1","","","",""
"move-container","second-textarea","held-out","mizchi","eligible","correct","3.8857090000001335","1","","","",""
"move-container","row-elena","held-out","resolver-v2","eligible","correct","1.4000000059604645","","42","semantic","",""
"move-container","row-elena","held-out","finder-default","eligible","correct","3.353624999999738","1","","","",""
"move-container","row-elena","held-out","finder-filtered","eligible","correct","2.8725409999988187","1","","","",""
"move-container","row-elena","held-out","dom-to-locator","eligible","correct","3.5040420000004815","1","","","",""
"move-container","row-elena","held-out","mizchi","eligible","correct","2.8262500000000728","1","","","",""
"move-container","row-igor","held-out","resolver-v2","eligible","correct","1.5","","42","semantic","",""
"move-container","row-igor","held-out","finder-default","eligible","correct","3.26050000000032","1","","","",""
"move-container","row-igor","held-out","finder-filtered","eligible","correct","2.7490410000009433","1","","","",""
"move-container","row-igor","held-out","dom-to-locator","eligible","correct","3.798625000001266","1","","","",""
"move-container","row-igor","held-out","mizchi","eligible","correct","3.7979159999995318","1","","","",""
"regenerated-ids","text","development","resolver-v2","eligible","correct","4.0999999940395355","","42","semantic","",""
"regenerated-ids","text","development","finder-default","eligible","correct","3.127375000000029","1","","","",""
"regenerated-ids","text","development","finder-filtered","eligible","correct","2.8214159999988624","1","","","",""
"regenerated-ids","text","development","dom-to-locator","eligible","correct","5.763832999999067","1","","","",""
"regenerated-ids","text","development","mizchi","eligible","correct","4.864667000001646","1","","","",""
"regenerated-ids","email","development","resolver-v2","eligible","correct","1.5","","42","semantic","",""
"regenerated-ids","email","development","finder-default","eligible","correct","3.224833000000217","1","","","",""
"regenerated-ids","email","development","finder-filtered","eligible","correct","3.263667000001078","1","","","",""
"regenerated-ids","email","development","dom-to-locator","eligible","correct","4.085916999998517","1","","","",""
"regenerated-ids","email","development","mizchi","eligible","correct","3.534750000000713","1","","","",""
"regenerated-ids","select","development","resolver-v2","eligible","correct","1.6000000089406967","","42","semantic","",""
"regenerated-ids","select","development","finder-default","eligible","correct","4.2042920000003505","1","","","",""
"regenerated-ids","select","development","finder-filtered","eligible","correct","2.8356669999993755","1","","","",""
"regenerated-ids","select","development","dom-to-locator","eligible","correct","3.155083999999988","1","","","",""
"regenerated-ids","select","development","mizchi","eligible","correct","3.1253749999996217","1","","","",""
"regenerated-ids","number","development","resolver-v2","eligible","correct","1.6000000089406967","","42","semantic","",""
"regenerated-ids","number","development","finder-default","eligible","correct","3.659958000000188","1","","","",""
"regenerated-ids","number","development","finder-filtered","eligible","correct","2.5839169999999285","1","","","",""
"regenerated-ids","number","development","dom-to-locator","eligible","correct","5.770958000000974","1","","","",""
"regenerated-ids","number","development","mizchi","eligible","correct","3.4341669999994338","1","","","",""
"regenerated-ids","checkbox","development","resolver-v2","eligible","correct","1.5","","42","semantic","",""
"regenerated-ids","checkbox","development","finder-default","eligible","correct","4.583208999998533","1","","","",""
"regenerated-ids","checkbox","development","finder-filtered","eligible","correct","3.2192079999986163","1","","","",""
"regenerated-ids","checkbox","development","dom-to-locator","eligible","correct","4.859375","1","","","",""
"regenerated-ids","checkbox","development","mizchi","eligible","correct","5.518707999999606","1","","","",""
"regenerated-ids","switch","development","resolver-v2","eligible","correct","1.5999999940395355","","42","semantic","",""
"regenerated-ids","switch","development","finder-default","eligible","correct","3.8631249999998545","1","","","",""
"regenerated-ids","switch","development","finder-filtered","eligible","correct","3.8066670000007434","1","","","",""
"regenerated-ids","switch","development","dom-to-locator","eligible","correct","6.380959000000075","1","","","",""
"regenerated-ids","switch","development","mizchi","eligible","correct","6.088833000001614","1","","","",""
"regenerated-ids","textarea","development","resolver-v2","eligible","correct","1.3999999910593033","","42","semantic","",""
"regenerated-ids","textarea","development","finder-default","eligible","correct","4.802750000000742","1","","","",""
"regenerated-ids","textarea","development","finder-filtered","eligible","correct","3.260499999998501","1","","","",""
"regenerated-ids","textarea","development","dom-to-locator","eligible","correct","4.646082999999635","1","","","",""
"regenerated-ids","textarea","development","mizchi","eligible","correct","5.140457999999853","1","","","",""
"regenerated-ids","date","development","resolver-v2","eligible","correct","1.5999999940395355","","42","semantic","",""
"regenerated-ids","date","development","finder-default","eligible","correct","4.5477910000008706","1","","","",""
"regenerated-ids","date","development","finder-filtered","eligible","correct","3.617540999999619","1","","","",""
"regenerated-ids","date","development","dom-to-locator","eligible","correct","4.783792000000176","1","","","",""
"regenerated-ids","date","development","mizchi","eligible","correct","4.579999999999927","1","","","",""
"regenerated-ids","continue","development","resolver-v2","eligible","correct","1.5","","42","semantic","",""
"regenerated-ids","continue","development","finder-default","eligible","correct","3.6005829999994603","1","","","",""
"regenerated-ids","continue","development","finder-filtered","eligible","correct","3.015041000000565","1","","","",""
"regenerated-ids","continue","development","dom-to-locator","eligible","correct","6.650499999999738","1","","","",""
"regenerated-ids","continue","development","mizchi","eligible","correct","3.9497919999994338","1","","","",""
"regenerated-ids","icon-button","development","resolver-v2","eligible","correct","1.5","","42","semantic","",""
"regenerated-ids","icon-button","development","finder-default","eligible","correct","3.6338329999998678","1","","","",""
"regenerated-ids","icon-button","development","finder-filtered","eligible","correct","4.624541999999565","1","","","",""
"regenerated-ids","icon-button","development","dom-to-locator","eligible","correct","5.092333000000508","1","","","",""
"regenerated-ids","icon-button","development","mizchi","eligible","correct","4.648750000000291","1","","","",""
"regenerated-ids","repeat-anna","development","resolver-v2","eligible","correct","1.4000000059604645","","42","semantic","",""
"regenerated-ids","repeat-anna","development","finder-default","eligible","correct","5.245333999999275","1","","","",""
"regenerated-ids","repeat-anna","development","finder-filtered","eligible","correct","3.752790999998979","1","","","",""
"regenerated-ids","repeat-anna","development","dom-to-locator","eligible","correct","3.966374999999971","1","","","",""
"regenerated-ids","repeat-anna","development","mizchi","eligible","correct","3.755290999999488","1","","","",""
"regenerated-ids","repeat-boris","development","resolver-v2","eligible","correct","1.2999999970197678","","42","semantic","",""
"regenerated-ids","repeat-boris","development","finder-default","eligible","correct","3.1900000000005093","1","","","",""
"regenerated-ids","repeat-boris","development","finder-filtered","eligible","correct","3.327583999998751","1","","","",""
"regenerated-ids","repeat-boris","development","dom-to-locator","eligible","correct","3.8924999999999272","1","","","",""
"regenerated-ids","repeat-boris","development","mizchi","eligible","correct","3.696874999999636","1","","","",""
"regenerated-ids","indistinguishable-a","development","resolver-v2","indistinguishable","ambiguous","1.4000000059604645","","42","","duplicate-context",""
"regenerated-ids","indistinguishable-a","development","finder-default","indistinguishable","wrong","2.945499999999811","1","","","",""
"regenerated-ids","indistinguishable-a","development","finder-filtered","indistinguishable","wrong","2.6832920000015292","1","","","",""
"regenerated-ids","indistinguishable-a","development","dom-to-locator","indistinguishable","wrong","3.1864999999997963","1","","","",""
"regenerated-ids","indistinguishable-a","development","mizchi","indistinguishable","wrong","3.102208000000246","1","","","",""
"regenerated-ids","indistinguishable-b","development","resolver-v2","indistinguishable","ambiguous","1.2999999970197678","","42","","duplicate-context",""
"regenerated-ids","indistinguishable-b","development","finder-default","indistinguishable","wrong","3.860833000000639","1","","","",""
"regenerated-ids","indistinguishable-b","development","finder-filtered","indistinguishable","wrong","4.5407909999994445","1","","","",""
"regenerated-ids","indistinguishable-b","development","dom-to-locator","indistinguishable","wrong","12.517415999998775","1","","","",""
"regenerated-ids","indistinguishable-b","development","mizchi","indistinguishable","wrong","4.621959000000061","1","","","",""
"regenerated-ids","phone","held-out","resolver-v2","eligible","correct","1.300000011920929","","42","semantic","",""
"regenerated-ids","phone","held-out","finder-default","eligible","correct","3.9888750000009168","1","","","",""
"regenerated-ids","phone","held-out","finder-filtered","eligible","correct","3.3366670000013983","1","","","",""
"regenerated-ids","phone","held-out","dom-to-locator","eligible","correct","4.702790999999706","1","","","",""
"regenerated-ids","phone","held-out","mizchi","eligible","correct","3.9585840000017924","1","","","",""
"regenerated-ids","url","held-out","resolver-v2","eligible","correct","1.3999999910593033","","42","semantic","",""
"regenerated-ids","url","held-out","finder-default","eligible","correct","3.6167920000007143","1","","","",""
"regenerated-ids","url","held-out","finder-filtered","eligible","correct","3.61449999999968","1","","","",""
"regenerated-ids","url","held-out","dom-to-locator","eligible","correct","4.484999999998763","1","","","",""
"regenerated-ids","url","held-out","mizchi","eligible","correct","3.1530000000002474","1","","","",""
"regenerated-ids","placeholder-search","held-out","resolver-v2","eligible","correct","1.300000011920929","","42","semantic","",""
"regenerated-ids","placeholder-search","held-out","finder-default","eligible","correct","3.587083000000348","1","","","",""
"regenerated-ids","placeholder-search","held-out","finder-filtered","eligible","correct","3.5402500000000146","1","","","",""
"regenerated-ids","placeholder-search","held-out","dom-to-locator","eligible","correct","2.4232499999998254","1","","","",""
"regenerated-ids","placeholder-search","held-out","mizchi","eligible","correct","2.5740829999995185","1","","","",""
"regenerated-ids","aria-name","held-out","resolver-v2","eligible","correct","1.2999999970197678","","42","semantic","",""
"regenerated-ids","aria-name","held-out","finder-default","eligible","correct","3.4369579999984126","1","","","",""
"regenerated-ids","aria-name","held-out","finder-filtered","eligible","correct","2.8689589999994496","1","","","",""
"regenerated-ids","aria-name","held-out","dom-to-locator","eligible","correct","3.68237500000032","1","","","",""
"regenerated-ids","aria-name","held-out","mizchi","eligible","correct","2.2244159999991098","1","","","",""
"regenerated-ids","quantity","held-out","resolver-v2","eligible","correct","1.4000000059604645","","42","semantic","",""
"regenerated-ids","quantity","held-out","finder-default","eligible","correct","3.271915999999692","1","","","",""
"regenerated-ids","quantity","held-out","finder-filtered","eligible","correct","2.576082999999926","1","","","",""
"regenerated-ids","quantity","held-out","dom-to-locator","eligible","correct","4.673499999998967","1","","","",""
"regenerated-ids","quantity","held-out","mizchi","eligible","correct","2.965250000001106","1","","","",""
"regenerated-ids","radio-online","held-out","resolver-v2","eligible","correct","1.2999999970197678","","42","semantic","",""
"regenerated-ids","radio-online","held-out","finder-default","eligible","correct","4.9788339999995515","1","","","",""
"regenerated-ids","radio-online","held-out","finder-filtered","eligible","correct","4.147499999999127","1","","","",""
"regenerated-ids","radio-online","held-out","dom-to-locator","eligible","correct","4.622167000001355","1","","","",""
"regenerated-ids","radio-online","held-out","mizchi","eligible","correct","4.466040999999677","1","","","",""
"regenerated-ids","radio-office","held-out","resolver-v2","eligible","correct","1.2999999970197678","","42","semantic","",""
"regenerated-ids","radio-office","held-out","finder-default","eligible","correct","4.362999999999374","1","","","",""
"regenerated-ids","radio-office","held-out","finder-filtered","eligible","correct","4.087792000000263","1","","","",""
"regenerated-ids","radio-office","held-out","dom-to-locator","eligible","correct","4.57641700000022","1","","","",""
"regenerated-ids","radio-office","held-out","mizchi","eligible","correct","3.5611250000001746","1","","","",""
"regenerated-ids","readonly","held-out","resolver-v2","eligible","correct","1.2999999970197678","","42","semantic","",""
"regenerated-ids","readonly","held-out","finder-default","eligible","correct","9.896333000000595","1","","","",""
"regenerated-ids","readonly","held-out","finder-filtered","eligible","correct","5.254624999999578","1","","","",""
"regenerated-ids","readonly","held-out","dom-to-locator","eligible","correct","4.964834000000337","1","","","",""
"regenerated-ids","readonly","held-out","mizchi","eligible","correct","4.151333000001614","1","","","",""
"regenerated-ids","disabled","held-out","resolver-v2","disabled","broken","1.2999999970197678","","42","","insufficient-evidence",""
"regenerated-ids","disabled","held-out","finder-default","disabled","wrong","4.119582999999693","1","","","",""
"regenerated-ids","disabled","held-out","finder-filtered","disabled","wrong","4.06933299999946","1","","","",""
"regenerated-ids","disabled","held-out","dom-to-locator","disabled","wrong","4.555625000000873","1","","","",""
"regenerated-ids","disabled","held-out","mizchi","disabled","wrong","3.949916999999914","1","","","",""
"regenerated-ids","link","held-out","resolver-v2","eligible","correct","1.2999999970197678","","42","semantic","",""
"regenerated-ids","link","held-out","finder-default","eligible","correct","4.108459000000948","1","","","",""
"regenerated-ids","link","held-out","finder-filtered","eligible","correct","3.7277500000000146","1","","","",""
"regenerated-ids","link","held-out","dom-to-locator","eligible","correct","3.8337499999997817","1","","","",""
"regenerated-ids","link","held-out","mizchi","eligible","correct","3.30266599999959","1","","","",""
"regenerated-ids","title-button","held-out","resolver-v2","eligible","correct","1.5","","42","semantic","",""
"regenerated-ids","title-button","held-out","finder-default","eligible","correct","3.4590420000004087","1","","","",""
"regenerated-ids","title-button","held-out","finder-filtered","eligible","correct","5.382959000000483","1","","","",""
"regenerated-ids","title-button","held-out","dom-to-locator","eligible","correct","3.949749999999767","1","","","",""
"regenerated-ids","title-button","held-out","mizchi","eligible","correct","5.024124999999913","1","","","",""
"regenerated-ids","second-textarea","held-out","resolver-v2","eligible","correct","1.3999999910593033","","42","semantic","",""
"regenerated-ids","second-textarea","held-out","finder-default","eligible","correct","4.610791999999492","1","","","",""
"regenerated-ids","second-textarea","held-out","finder-filtered","eligible","correct","2.9874589999999444","1","","","",""
"regenerated-ids","second-textarea","held-out","dom-to-locator","eligible","correct","4.749667000000045","1","","","",""
"regenerated-ids","second-textarea","held-out","mizchi","eligible","correct","4.609207999999853","1","","","",""
"regenerated-ids","row-elena","held-out","resolver-v2","eligible","correct","1.7999999970197678","","42","semantic","",""
"regenerated-ids","row-elena","held-out","finder-default","eligible","correct","5.234832999998616","1","","","",""
"regenerated-ids","row-elena","held-out","finder-filtered","eligible","correct","4.534165999999459","1","","","",""
"regenerated-ids","row-elena","held-out","dom-to-locator","eligible","correct","4.251416999999492","1","","","",""
"regenerated-ids","row-elena","held-out","mizchi","eligible","correct","3.571874999999636","1","","","",""
"regenerated-ids","row-igor","held-out","resolver-v2","eligible","correct","1.2999999970197678","","42","semantic","",""
"regenerated-ids","row-igor","held-out","finder-default","eligible","correct","3.8511250000010477","1","","","",""
"regenerated-ids","row-igor","held-out","finder-filtered","eligible","correct","3.620249999999942","1","","","",""
"regenerated-ids","row-igor","held-out","dom-to-locator","eligible","correct","4.418249999998807","1","","","",""
"regenerated-ids","row-igor","held-out","mizchi","eligible","correct","3.1507910000000265","1","","","",""
"combined-17","text","development","resolver-v2","eligible","correct","5.4000000059604645","","42","semantic","",""
"combined-17","text","development","finder-default","eligible","correct","4.1379999999990105","1","","","",""
"combined-17","text","development","finder-filtered","eligible","correct","3.705667000000176","1","","","",""
"combined-17","text","development","dom-to-locator","eligible","correct","6.152624999998807","1","","","",""
"combined-17","text","development","mizchi","eligible","correct","4.1759170000004815","1","","","",""
"combined-17","email","development","resolver-v2","eligible","correct","2.5","","42","semantic","",""
"combined-17","email","development","finder-default","eligible","correct","3.731207999999242","1","","","",""
"combined-17","email","development","finder-filtered","eligible","correct","3.0684999999994034","1","","","",""
"combined-17","email","development","dom-to-locator","eligible","correct","4.412833000000319","1","","","",""
"combined-17","email","development","mizchi","eligible","correct","3.5248329999994894","1","","","",""
"combined-17","select","development","resolver-v2","eligible","correct","2.7000000029802322","","42","semantic","",""
"combined-17","select","development","finder-default","eligible","correct","3.3399160000008123","1","","","",""
"combined-17","select","development","finder-filtered","eligible","correct","3.7044999999998254","1","","","",""
"combined-17","select","development","dom-to-locator","eligible","correct","4.558708000000479","1","","","",""
"combined-17","select","development","mizchi","eligible","correct","3.7363749999985885","1","","","",""
"combined-17","number","development","resolver-v2","eligible","correct","2.8999999910593033","","42","semantic","",""
"combined-17","number","development","finder-default","eligible","correct","3.9546250000003056","1","","","",""
"combined-17","number","development","finder-filtered","eligible","correct","3.607458000000406","1","","","",""
"combined-17","number","development","dom-to-locator","eligible","correct","4.6756249999998545","1","","","",""
"combined-17","number","development","mizchi","eligible","correct","3.065666999998939","1","","","",""
"combined-17","checkbox","development","resolver-v2","eligible","correct","2.5","","42","semantic","",""
"combined-17","checkbox","development","finder-default","eligible","correct","4.076374999998734","1","","","",""
"combined-17","checkbox","development","finder-filtered","eligible","correct","4.330874999999651","1","","","",""
"combined-17","checkbox","development","dom-to-locator","eligible","correct","4.43854199999987","1","","","",""
"combined-17","checkbox","development","mizchi","eligible","correct","3.7702920000010636","1","","","",""
"combined-17","switch","development","resolver-v2","eligible","correct","2.2000000029802322","","42","semantic","",""
"combined-17","switch","development","finder-default","eligible","correct","3.3360829999983252","1","","","",""
"combined-17","switch","development","finder-filtered","eligible","correct","2.5077500000006694","1","","","",""
"combined-17","switch","development","dom-to-locator","eligible","correct","3.3468749999992724","1","","","",""
"combined-17","switch","development","mizchi","eligible","correct","4.054708000001483","1","","","",""
"combined-17","textarea","development","resolver-v2","eligible","correct","2.2999999970197678","","42","semantic","",""
"combined-17","textarea","development","finder-default","eligible","correct","3.889999999999418","1","","","",""
"combined-17","textarea","development","finder-filtered","eligible","correct","2.618000000000393","1","","","",""
"combined-17","textarea","development","dom-to-locator","eligible","correct","4.0020409999997355","1","","","",""
"combined-17","textarea","development","mizchi","eligible","correct","4.757999999999811","1","","","",""
"combined-17","date","development","resolver-v2","eligible","correct","2.5","","42","semantic","",""
"combined-17","date","development","finder-default","eligible","correct","3.0422079999989364","1","","","",""
"combined-17","date","development","finder-filtered","eligible","correct","3.2911669999994047","1","","","",""
"combined-17","date","development","dom-to-locator","eligible","correct","3.739333000001352","1","","","",""
"combined-17","date","development","mizchi","eligible","correct","3.746624999999767","1","","","",""
"combined-17","continue","development","resolver-v2","eligible","correct","2.0999999940395355","","42","semantic","",""
"combined-17","continue","development","finder-default","eligible","broken","0.7233329999999114","0","","","",""
"combined-17","continue","development","finder-filtered","eligible","broken","0.46345800000017334","0","","","",""
"combined-17","continue","development","dom-to-locator","eligible","correct","5.802583000000595","1","","","",""
"combined-17","continue","development","mizchi","eligible","correct","4.503208000000086","1","","","",""
"combined-17","icon-button","development","resolver-v2","eligible","correct","2.300000011920929","","42","semantic","",""
"combined-17","icon-button","development","finder-default","eligible","broken","0.8799589999998716","0","","","",""
"combined-17","icon-button","development","finder-filtered","eligible","broken","0.49408299999959127","0","","","",""
"combined-17","icon-button","development","dom-to-locator","eligible","correct","4.00879200000054","1","","","",""
"combined-17","icon-button","development","mizchi","eligible","correct","3.0114579999990383","1","","","",""
"combined-17","repeat-anna","development","resolver-v2","eligible","correct","2","","42","semantic","",""
"combined-17","repeat-anna","development","finder-default","eligible","broken","0.9106250000004366","0","","","",""
"combined-17","repeat-anna","development","finder-filtered","eligible","broken","0.9048750000001746","0","","","",""
"combined-17","repeat-anna","development","dom-to-locator","eligible","correct","3.7095420000005106","1","","","",""
"combined-17","repeat-anna","development","mizchi","eligible","correct","3.2062089999999444","1","","","",""
"combined-17","repeat-boris","development","resolver-v2","eligible","correct","2.0999999940395355","","42","semantic","",""
"combined-17","repeat-boris","development","finder-default","eligible","broken","0.7613330000003771","0","","","",""
"combined-17","repeat-boris","development","finder-filtered","eligible","broken","0.5334999999995489","0","","","",""
"combined-17","repeat-boris","development","dom-to-locator","eligible","correct","3.3999170000006416","1","","","",""
"combined-17","repeat-boris","development","mizchi","eligible","correct","3.384083000000828","1","","","",""
"combined-17","indistinguishable-a","development","resolver-v2","indistinguishable","ambiguous","2.300000011920929","","42","","duplicate-context",""
"combined-17","indistinguishable-a","development","finder-default","indistinguishable","broken","1.010416000000987","0","","","",""
"combined-17","indistinguishable-a","development","finder-filtered","indistinguishable","broken","0.8201250000001892","0","","","",""
"combined-17","indistinguishable-a","development","dom-to-locator","indistinguishable","wrong","4.973041999999623","1","","","",""
"combined-17","indistinguishable-a","development","mizchi","indistinguishable","wrong","4.685165999999299","1","","","",""
"combined-17","indistinguishable-b","development","resolver-v2","indistinguishable","ambiguous","1.8999999910593033","","42","","duplicate-context",""
"combined-17","indistinguishable-b","development","finder-default","indistinguishable","broken","0.7856249999986176","0","","","",""
"combined-17","indistinguishable-b","development","finder-filtered","indistinguishable","broken","0.6367090000003373","0","","","",""
"combined-17","indistinguishable-b","development","dom-to-locator","indistinguishable","wrong","4.692542000000685","1","","","",""
"combined-17","indistinguishable-b","development","mizchi","indistinguishable","wrong","4.186292000000321","1","","","",""
"combined-17","phone","held-out","resolver-v2","eligible","correct","2","","42","semantic","",""
"combined-17","phone","held-out","finder-default","eligible","correct","3.3865420000001905","1","","","",""
"combined-17","phone","held-out","finder-filtered","eligible","correct","2.7698330000002898","1","","","",""
"combined-17","phone","held-out","dom-to-locator","eligible","correct","3.727374999998574","1","","","",""
"combined-17","phone","held-out","mizchi","eligible","correct","3.118416999999681","1","","","",""
"combined-17","url","held-out","resolver-v2","eligible","correct","1.9000000059604645","","42","semantic","",""
"combined-17","url","held-out","finder-default","eligible","correct","3.4372500000008586","1","","","",""
"combined-17","url","held-out","finder-filtered","eligible","correct","2.837166999999681","1","","","",""
"combined-17","url","held-out","dom-to-locator","eligible","correct","3.6901250000009895","1","","","",""
"combined-17","url","held-out","mizchi","eligible","correct","2.8907080000008136","1","","","",""
"combined-17","placeholder-search","held-out","resolver-v2","eligible","correct","2.199999988079071","","42","semantic","",""
"combined-17","placeholder-search","held-out","finder-default","eligible","broken","0.9312499999996362","0","","","",""
"combined-17","placeholder-search","held-out","finder-filtered","eligible","correct","7.5327089999991586","1","","","",""
"combined-17","placeholder-search","held-out","dom-to-locator","eligible","correct","2.9230829999996786","1","","","",""
"combined-17","placeholder-search","held-out","mizchi","eligible","correct","2.7706669999988662","1","","","",""
"combined-17","aria-name","held-out","resolver-v2","eligible","correct","2.1000000089406967","","42","semantic","",""
"combined-17","aria-name","held-out","finder-default","eligible","broken","0.9879160000000411","0","","","",""
"combined-17","aria-name","held-out","finder-filtered","eligible","broken","0.7000410000000556","0","","","",""
"combined-17","aria-name","held-out","dom-to-locator","eligible","correct","3.8221249999987776","1","","","",""
"combined-17","aria-name","held-out","mizchi","eligible","correct","3.2241250000006403","1","","","",""
"combined-17","quantity","held-out","resolver-v2","eligible","correct","2","","42","semantic","",""
"combined-17","quantity","held-out","finder-default","eligible","correct","3.23424999999952","1","","","",""
"combined-17","quantity","held-out","finder-filtered","eligible","correct","2.5718329999999696","1","","","",""
"combined-17","quantity","held-out","dom-to-locator","eligible","correct","3.4359170000006998","1","","","",""
"combined-17","quantity","held-out","mizchi","eligible","correct","3.0292499999995925","1","","","",""
"combined-17","radio-online","held-out","resolver-v2","eligible","correct","2","","42","semantic","",""
"combined-17","radio-online","held-out","finder-default","eligible","broken","1.0687920000000304","0","","","",""
"combined-17","radio-online","held-out","finder-filtered","eligible","broken","0.9642500000009022","0","","","",""
"combined-17","radio-online","held-out","dom-to-locator","eligible","correct","3.37029099999927","1","","","",""
"combined-17","radio-online","held-out","mizchi","eligible","correct","3.2536249999993743","1","","","",""
"combined-17","radio-office","held-out","resolver-v2","eligible","correct","2.2999999970197678","","42","semantic","",""
"combined-17","radio-office","held-out","finder-default","eligible","broken","0.8370000000013533","0","","","",""
"combined-17","radio-office","held-out","finder-filtered","eligible","broken","0.5967909999999392","0","","","",""
"combined-17","radio-office","held-out","dom-to-locator","eligible","correct","3.375041000001147","1","","","",""
"combined-17","radio-office","held-out","mizchi","eligible","correct","3.873250000000553","1","","","",""
"combined-17","readonly","held-out","resolver-v2","eligible","correct","2.1000000089406967","","42","semantic","",""
"combined-17","readonly","held-out","finder-default","eligible","correct","4.126083999999537","1","","","",""
"combined-17","readonly","held-out","finder-filtered","eligible","broken","0.8585000000002765","0","","","",""
"combined-17","readonly","held-out","dom-to-locator","eligible","correct","3.95904100000007","1","","","",""
"combined-17","readonly","held-out","mizchi","eligible","correct","2.954583000000639","1","","","",""
"combined-17","disabled","held-out","resolver-v2","disabled","broken","2","","42","","insufficient-evidence",""
"combined-17","disabled","held-out","finder-default","disabled","broken","0.9415419999986625","0","","","",""
"combined-17","disabled","held-out","finder-filtered","disabled","broken","0.9646670000001905","0","","","",""
"combined-17","disabled","held-out","dom-to-locator","disabled","wrong","3.6999589999995806","1","","","",""
"combined-17","disabled","held-out","mizchi","disabled","wrong","3.0444170000009763","1","","","",""
"combined-17","link","held-out","resolver-v2","eligible","correct","2.300000011920929","","42","semantic","",""
"combined-17","link","held-out","finder-default","eligible","correct","3.247708999999304","1","","","",""
"combined-17","link","held-out","finder-filtered","eligible","correct","3.10570799999914","1","","","",""
"combined-17","link","held-out","dom-to-locator","eligible","correct","2.9130410000016127","1","","","",""
"combined-17","link","held-out","mizchi","eligible","correct","2.3483329999999114","1","","","",""
"combined-17","title-button","held-out","resolver-v2","eligible","correct","2.1000000089406967","","42","semantic","",""
"combined-17","title-button","held-out","finder-default","eligible","broken","1.0809169999993173","0","","","",""
"combined-17","title-button","held-out","finder-filtered","eligible","correct","2.8005839999987074","1","","","",""
"combined-17","title-button","held-out","dom-to-locator","eligible","correct","4.888333999999304","1","","","",""
"combined-17","title-button","held-out","mizchi","eligible","correct","3.916957999999795","1","","","",""
"combined-17","second-textarea","held-out","resolver-v2","eligible","correct","2.0999999940395355","","42","semantic","",""
"combined-17","second-textarea","held-out","finder-default","eligible","correct","3.008165999999619","1","","","",""
"combined-17","second-textarea","held-out","finder-filtered","eligible","correct","2.742666999998619","1","","","",""
"combined-17","second-textarea","held-out","dom-to-locator","eligible","correct","3.543999999999869","1","","","",""
"combined-17","second-textarea","held-out","mizchi","eligible","correct","2.7041669999998703","1","","","",""
"combined-17","row-elena","held-out","resolver-v2","eligible","correct","2.2000000029802322","","42","semantic","",""
"combined-17","row-elena","held-out","finder-default","eligible","wrong","3.3098750000008295","1","","","",""
"combined-17","row-elena","held-out","finder-filtered","eligible","wrong","3.087459000000308","1","","","",""
"combined-17","row-elena","held-out","dom-to-locator","eligible","wrong","4.708959000001414","1","","","",""
"combined-17","row-elena","held-out","mizchi","eligible","broken","0.8435829999998532","0","","","",""
"combined-17","row-igor","held-out","resolver-v2","eligible","correct","2.2000000029802322","","42","semantic","",""
"combined-17","row-igor","held-out","finder-default","eligible","wrong","3.5612079999991693","1","","","",""
"combined-17","row-igor","held-out","finder-filtered","eligible","wrong","2.9235829999997804","1","","","",""
"combined-17","row-igor","held-out","dom-to-locator","eligible","wrong","4.844999999999345","1","","","",""
"combined-17","row-igor","held-out","mizchi","eligible","broken","0.9827079999995476","0","","","",""
"combined-83","text","development","resolver-v2","eligible","correct","5.5","","42","semantic","",""
"combined-83","text","development","finder-default","eligible","correct","4.295082999999067","1","","","",""
"combined-83","text","development","finder-filtered","eligible","correct","6.318041999998968","1","","","",""
"combined-83","text","development","dom-to-locator","eligible","correct","8.054167000000234","1","","","",""
"combined-83","text","development","mizchi","eligible","correct","5.823999999998705","1","","","",""
"combined-83","email","development","resolver-v2","eligible","correct","2.5999999940395355","","42","semantic","",""
"combined-83","email","development","finder-default","eligible","correct","5.2462500000001455","1","","","",""
"combined-83","email","development","finder-filtered","eligible","correct","4.312041999999565","1","","","",""
"combined-83","email","development","dom-to-locator","eligible","correct","4.167457999999897","1","","","",""
"combined-83","email","development","mizchi","eligible","correct","4.077166000000943","1","","","",""
"combined-83","select","development","resolver-v2","eligible","correct","2.5","","42","semantic","",""
"combined-83","select","development","finder-default","eligible","correct","4.223415999998906","1","","","",""
"combined-83","select","development","finder-filtered","eligible","correct","2.9132079999999405","1","","","",""
"combined-83","select","development","dom-to-locator","eligible","correct","3.7724579999994603","1","","","",""
"combined-83","select","development","mizchi","eligible","correct","3.5393330000006245","1","","","",""
"combined-83","number","development","resolver-v2","eligible","correct","2.7000000029802322","","42","semantic","",""
"combined-83","number","development","finder-default","eligible","correct","3.731000000001586","1","","","",""
"combined-83","number","development","finder-filtered","eligible","correct","2.7466669999994338","1","","","",""
"combined-83","number","development","dom-to-locator","eligible","correct","4.019584000001487","1","","","",""
"combined-83","number","development","mizchi","eligible","correct","3.4455419999994774","1","","","",""
"combined-83","checkbox","development","resolver-v2","eligible","correct","2.3999999910593033","","42","semantic","",""
"combined-83","checkbox","development","finder-default","eligible","correct","3.2996249999996508","1","","","",""
"combined-83","checkbox","development","finder-filtered","eligible","correct","3.429791999998997","1","","","",""
"combined-83","checkbox","development","dom-to-locator","eligible","correct","3.245999999999185","1","","","",""
"combined-83","checkbox","development","mizchi","eligible","correct","3.096749999998792","1","","","",""
"combined-83","switch","development","resolver-v2","eligible","correct","2.2999999970197678","","42","semantic","",""
"combined-83","switch","development","finder-default","eligible","correct","3.4028330000001006","1","","","",""
"combined-83","switch","development","finder-filtered","eligible","correct","2.98870800000077","1","","","",""
"combined-83","switch","development","dom-to-locator","eligible","correct","2.9373340000001917","1","","","",""
"combined-83","switch","development","mizchi","eligible","correct","3.1384590000016033","1","","","",""
"combined-83","textarea","development","resolver-v2","eligible","correct","2.3999999910593033","","42","semantic","",""
"combined-83","textarea","development","finder-default","eligible","correct","2.874042000001282","1","","","",""
"combined-83","textarea","development","finder-filtered","eligible","correct","2.8462080000008427","1","","","",""
"combined-83","textarea","development","dom-to-locator","eligible","correct","3.6477500000000873","1","","","",""
"combined-83","textarea","development","mizchi","eligible","correct","3.369582999999693","1","","","",""
"combined-83","date","development","resolver-v2","eligible","correct","2.0999999940395355","","42","semantic","",""
"combined-83","date","development","finder-default","eligible","correct","3.33483299999898","1","","","",""
"combined-83","date","development","finder-filtered","eligible","correct","3.3100409999988187","1","","","",""
"combined-83","date","development","dom-to-locator","eligible","correct","3.7894169999999576","1","","","",""
"combined-83","date","development","mizchi","eligible","correct","3.780040999999983","1","","","",""
"combined-83","continue","development","resolver-v2","eligible","correct","2.0999999940395355","","42","semantic","",""
"combined-83","continue","development","finder-default","eligible","broken","0.7177920000012818","0","","","",""
"combined-83","continue","development","finder-filtered","eligible","broken","0.4399999999986903","0","","","",""
"combined-83","continue","development","dom-to-locator","eligible","correct","5.735875000000306","1","","","",""
"combined-83","continue","development","mizchi","eligible","correct","4.329332999999679","1","","","",""
"combined-83","icon-button","development","resolver-v2","eligible","correct","2.300000011920929","","42","semantic","",""
"combined-83","icon-button","development","finder-default","eligible","broken","0.8161669999990409","0","","","",""
"combined-83","icon-button","development","finder-filtered","eligible","broken","0.6925000000010186","0","","","",""
"combined-83","icon-button","development","dom-to-locator","eligible","correct","4.606249999998909","1","","","",""
"combined-83","icon-button","development","mizchi","eligible","correct","2.7732079999987036","1","","","",""
"combined-83","repeat-anna","development","resolver-v2","eligible","correct","1.9000000059604645","","42","semantic","",""
"combined-83","repeat-anna","development","finder-default","eligible","broken","0.9307499999995343","0","","","",""
"combined-83","repeat-anna","development","finder-filtered","eligible","broken","0.5723749999997381","0","","","",""
"combined-83","repeat-anna","development","dom-to-locator","eligible","correct","4.332625000000917","1","","","",""
"combined-83","repeat-anna","development","mizchi","eligible","correct","3.1945830000004207","1","","","",""
"combined-83","repeat-boris","development","resolver-v2","eligible","correct","2","","42","semantic","",""
"combined-83","repeat-boris","development","finder-default","eligible","broken","0.9590420000004087","0","","","",""
"combined-83","repeat-boris","development","finder-filtered","eligible","broken","0.5891669999982696","0","","","",""
"combined-83","repeat-boris","development","dom-to-locator","eligible","correct","3.074750000001586","1","","","",""
"combined-83","repeat-boris","development","mizchi","eligible","correct","3.5654579999991256","1","","","",""
"combined-83","indistinguishable-a","development","resolver-v2","indistinguishable","ambiguous","2.2999999970197678","","42","","duplicate-context",""
"combined-83","indistinguishable-a","development","finder-default","indistinguishable","broken","0.9929159999992407","0","","","",""
"combined-83","indistinguishable-a","development","finder-filtered","indistinguishable","broken","0.5865419999990991","0","","","",""
"combined-83","indistinguishable-a","development","dom-to-locator","indistinguishable","wrong","4.949040999999852","1","","","",""
"combined-83","indistinguishable-a","development","mizchi","indistinguishable","wrong","4.558124999999563","1","","","",""
"combined-83","indistinguishable-b","development","resolver-v2","indistinguishable","ambiguous","2","","42","","duplicate-context",""
"combined-83","indistinguishable-b","development","finder-default","indistinguishable","broken","0.7187080000003334","0","","","",""
"combined-83","indistinguishable-b","development","finder-filtered","indistinguishable","broken","0.45354199999928824","0","","","",""
"combined-83","indistinguishable-b","development","dom-to-locator","indistinguishable","wrong","4.913458000000901","1","","","",""
"combined-83","indistinguishable-b","development","mizchi","indistinguishable","wrong","4.373499999999694","1","","","",""
"combined-83","phone","held-out","resolver-v2","eligible","correct","2","","42","semantic","",""
"combined-83","phone","held-out","finder-default","eligible","correct","8.140042000000903","1","","","",""
"combined-83","phone","held-out","finder-filtered","eligible","correct","2.87958400000025","1","","","",""
"combined-83","phone","held-out","dom-to-locator","eligible","correct","3.6565840000002936","1","","","",""
"combined-83","phone","held-out","mizchi","eligible","correct","3.3719590000000608","1","","","",""
"combined-83","url","held-out","resolver-v2","eligible","correct","1.9000000059604645","","42","semantic","",""
"combined-83","url","held-out","finder-default","eligible","correct","3.599208000001454","1","","","",""
"combined-83","url","held-out","finder-filtered","eligible","correct","2.762458000001061","1","","","",""
"combined-83","url","held-out","dom-to-locator","eligible","correct","4.140041000000565","1","","","",""
"combined-83","url","held-out","mizchi","eligible","correct","3.6491660000010597","1","","","",""
"combined-83","placeholder-search","held-out","resolver-v2","eligible","correct","2.4000000059604645","","42","semantic","",""
"combined-83","placeholder-search","held-out","finder-default","eligible","broken","1.1668749999989814","0","","","",""
"combined-83","placeholder-search","held-out","finder-filtered","eligible","correct","2.367666999998619","1","","","",""
"combined-83","placeholder-search","held-out","dom-to-locator","eligible","correct","3.263875000000553","1","","","",""
"combined-83","placeholder-search","held-out","mizchi","eligible","correct","3.214124999998603","1","","","",""
"combined-83","aria-name","held-out","resolver-v2","eligible","correct","2.2000000029802322","","42","semantic","",""
"combined-83","aria-name","held-out","finder-default","eligible","broken","0.834208000000217","0","","","",""
"combined-83","aria-name","held-out","finder-filtered","eligible","broken","0.632791999998517","0","","","",""
"combined-83","aria-name","held-out","dom-to-locator","eligible","correct","3.861750000000029","1","","","",""
"combined-83","aria-name","held-out","mizchi","eligible","correct","2.9961249999996653","1","","","",""
"combined-83","quantity","held-out","resolver-v2","eligible","correct","2.1000000089406967","","42","semantic","",""
"combined-83","quantity","held-out","finder-default","eligible","correct","3.267667000000074","1","","","",""
"combined-83","quantity","held-out","finder-filtered","eligible","correct","2.6936659999992116","1","","","",""
"combined-83","quantity","held-out","dom-to-locator","eligible","correct","3.8355420000007143","1","","","",""
"combined-83","quantity","held-out","mizchi","eligible","correct","3.430500000000393","1","","","",""
"combined-83","radio-online","held-out","resolver-v2","eligible","correct","2.2000000029802322","","42","semantic","",""
"combined-83","radio-online","held-out","finder-default","eligible","broken","0.7709590000013122","0","","","",""
"combined-83","radio-online","held-out","finder-filtered","eligible","broken","0.43058400000154506","0","","","",""
"combined-83","radio-online","held-out","dom-to-locator","eligible","correct","3.7218339999999444","1","","","",""
"combined-83","radio-online","held-out","mizchi","eligible","correct","3.349207999999635","1","","","",""
"combined-83","radio-office","held-out","resolver-v2","eligible","correct","2.0999999940395355","","42","semantic","",""
"combined-83","radio-office","held-out","finder-default","eligible","broken","0.730333999999857","0","","","",""
"combined-83","radio-office","held-out","finder-filtered","eligible","broken","0.5359580000003916","0","","","",""
"combined-83","radio-office","held-out","dom-to-locator","eligible","correct","3.5227080000004207","1","","","",""
"combined-83","radio-office","held-out","mizchi","eligible","correct","3.03637499999968","1","","","",""
"combined-83","readonly","held-out","resolver-v2","eligible","correct","2.0999999940395355","","42","semantic","",""
"combined-83","readonly","held-out","finder-default","eligible","correct","3.2760829999988346","1","","","",""
"combined-83","readonly","held-out","finder-filtered","eligible","broken","0.6174580000006245","0","","","",""
"combined-83","readonly","held-out","dom-to-locator","eligible","correct","3.3708330000008573","1","","","",""
"combined-83","readonly","held-out","mizchi","eligible","correct","3.4079170000004524","1","","","",""
"combined-83","disabled","held-out","resolver-v2","disabled","broken","2","","42","","insufficient-evidence",""
"combined-83","disabled","held-out","finder-default","disabled","broken","0.8887500000000728","0","","","",""
"combined-83","disabled","held-out","finder-filtered","disabled","broken","0.6927500000001601","0","","","",""
"combined-83","disabled","held-out","dom-to-locator","disabled","wrong","3.396958999999697","1","","","",""
"combined-83","disabled","held-out","mizchi","disabled","wrong","2.9879999999993743","1","","","",""
"combined-83","link","held-out","resolver-v2","eligible","correct","1.8999999910593033","","42","semantic","",""
"combined-83","link","held-out","finder-default","eligible","correct","7.356958000000304","1","","","",""
"combined-83","link","held-out","finder-filtered","eligible","correct","3.2623750000002474","1","","","",""
"combined-83","link","held-out","dom-to-locator","eligible","correct","3.1464169999999285","1","","","",""
"combined-83","link","held-out","mizchi","eligible","correct","3.3200829999987036","1","","","",""
"combined-83","title-button","held-out","resolver-v2","eligible","correct","1.9000000059604645","","42","semantic","",""
"combined-83","title-button","held-out","finder-default","eligible","broken","0.9261669999996229","0","","","",""
"combined-83","title-button","held-out","finder-filtered","eligible","correct","3.140832999999475","1","","","",""
"combined-83","title-button","held-out","dom-to-locator","eligible","correct","4.73370800000157","1","","","",""
"combined-83","title-button","held-out","mizchi","eligible","correct","4.043999999999869","1","","","",""
"combined-83","second-textarea","held-out","resolver-v2","eligible","correct","2.1000000089406967","","42","semantic","",""
"combined-83","second-textarea","held-out","finder-default","eligible","correct","3.4115829999991547","1","","","",""
"combined-83","second-textarea","held-out","finder-filtered","eligible","correct","2.4756669999987935","1","","","",""
"combined-83","second-textarea","held-out","dom-to-locator","eligible","correct","3.881374999999025","1","","","",""
"combined-83","second-textarea","held-out","mizchi","eligible","correct","3.647541000000274","1","","","",""
"combined-83","row-elena","held-out","resolver-v2","eligible","correct","1.800000011920929","","42","semantic","",""
"combined-83","row-elena","held-out","finder-default","eligible","correct","3.4925419999999576","1","","","",""
"combined-83","row-elena","held-out","finder-filtered","eligible","correct","2.688333000000057","1","","","",""
"combined-83","row-elena","held-out","dom-to-locator","eligible","correct","4.603708000000552","1","","","",""
"combined-83","row-elena","held-out","mizchi","eligible","broken","0.8852919999990263","0","","","",""
"combined-83","row-igor","held-out","resolver-v2","eligible","correct","2.199999988079071","","42","semantic","",""
"combined-83","row-igor","held-out","finder-default","eligible","correct","4.817041999998764","1","","","",""
"combined-83","row-igor","held-out","finder-filtered","eligible","correct","3.140583999998853","1","","","",""
"combined-83","row-igor","held-out","dom-to-locator","eligible","correct","5.402874999999767","1","","","",""
"combined-83","row-igor","held-out","mizchi","eligible","broken","1.0000829999989946","0","","","",""
"rename","text","development","resolver-v2","eligible","correct","4.299999997019768","","42","semantic","",""
"rename","text","development","finder-default","eligible","correct","3.490417000000889","1","","","",""
"rename","text","development","finder-filtered","eligible","correct","2.5382079999999405","1","","","",""
"rename","text","development","dom-to-locator","eligible","correct","8.287125000000742","1","","","",""
"rename","text","development","mizchi","eligible","correct","3.500332999999955","1","","","",""
"rename","email","development","resolver-v2","eligible","correct","1.4000000059604645","","42","semantic","",""
"rename","email","development","finder-default","eligible","correct","3.042417000000569","1","","","",""
"rename","email","development","finder-filtered","eligible","correct","2.8262500000000728","1","","","",""
"rename","email","development","dom-to-locator","eligible","correct","4.085291999999754","1","","","",""
"rename","email","development","mizchi","eligible","correct","3.5806250000005093","1","","","",""
"rename","select","development","resolver-v2","eligible","correct","1.4000000059604645","","42","semantic","",""
"rename","select","development","finder-default","eligible","correct","3.6820410000000265","1","","","",""
"rename","select","development","finder-filtered","eligible","correct","2.607083999999304","1","","","",""
"rename","select","development","dom-to-locator","eligible","correct","3.6112499999999272","1","","","",""
"rename","select","development","mizchi","eligible","correct","2.934000000001106","1","","","",""
"rename","number","development","resolver-v2","eligible","correct","1.2999999970197678","","42","semantic","",""
"rename","number","development","finder-default","eligible","correct","3.1776669999999285","1","","","",""
"rename","number","development","finder-filtered","eligible","correct","2.972125000000233","1","","","",""
"rename","number","development","dom-to-locator","eligible","correct","4.092499999998836","1","","","",""
"rename","number","development","mizchi","eligible","correct","2.9132079999999405","1","","","",""
"rename","checkbox","development","resolver-v2","eligible","correct","1.3999999910593033","","42","semantic","",""
"rename","checkbox","development","finder-default","eligible","correct","3.1694580000003043","1","","","",""
"rename","checkbox","development","finder-filtered","eligible","correct","2.815082999999504","1","","","",""
"rename","checkbox","development","dom-to-locator","eligible","correct","3.8860830000012356","1","","","",""
"rename","checkbox","development","mizchi","eligible","correct","3.223042000001442","1","","","",""
"rename","switch","development","resolver-v2","eligible","correct","1.4000000059604645","","42","semantic","",""
"rename","switch","development","finder-default","eligible","correct","3.2920840000006137","1","","","",""
"rename","switch","development","finder-filtered","eligible","correct","2.92712500000016","1","","","",""
"rename","switch","development","dom-to-locator","eligible","correct","3.5173329999997804","1","","","",""
"rename","switch","development","mizchi","eligible","correct","2.900707999999213","1","","","",""
"rename","textarea","development","resolver-v2","eligible","correct","1.300000011920929","","42","semantic","",""
"rename","textarea","development","finder-default","eligible","correct","3.1278330000004644","1","","","",""
"rename","textarea","development","finder-filtered","eligible","correct","2.9952920000014274","1","","","",""
"rename","textarea","development","dom-to-locator","eligible","correct","4.0280840000013995","1","","","",""
"rename","textarea","development","mizchi","eligible","correct","3.07233400000041","1","","","",""
"rename","date","development","resolver-v2","eligible","correct","1.5999999940395355","","42","semantic","",""
"rename","date","development","finder-default","eligible","correct","3.4347500000003492","1","","","",""
"rename","date","development","finder-filtered","eligible","correct","2.8700410000001284","1","","","",""
"rename","date","development","dom-to-locator","eligible","correct","4.073457999998936","1","","","",""
"rename","date","development","mizchi","eligible","correct","2.634334000000308","1","","","",""
"rename","continue","development","resolver-v2","eligible","broken","1.5999999940395355","","42","","insufficient-evidence",""
"rename","continue","development","finder-default","eligible","correct","2.8318339999987074","1","","","",""
"rename","continue","development","finder-filtered","eligible","correct","2.793999999999869","1","","","",""
"rename","continue","development","dom-to-locator","eligible","correct","5.511415999999372","1","","","",""
"rename","continue","development","mizchi","eligible","correct","3.515292000000045","1","","","",""
"rename","icon-button","development","resolver-v2","eligible","correct","1.6000000089406967","","42","semantic","",""
"rename","icon-button","development","finder-default","eligible","correct","3.5458749999997963","1","","","",""
"rename","icon-button","development","finder-filtered","eligible","correct","3.4938340000007884","1","","","",""
"rename","icon-button","development","dom-to-locator","eligible","correct","3.783916999998837","1","","","",""
"rename","icon-button","development","mizchi","eligible","correct","3.0380409999997937","1","","","",""
"rename","repeat-anna","development","resolver-v2","eligible","correct","1.2999999970197678","","42","semantic","",""
"rename","repeat-anna","development","finder-default","eligible","correct","3.221750000000611","1","","","",""
"rename","repeat-anna","development","finder-filtered","eligible","correct","3.0524999999997817","1","","","",""
"rename","repeat-anna","development","dom-to-locator","eligible","correct","3.7164579999989655","1","","","",""
"rename","repeat-anna","development","mizchi","eligible","correct","3.054874999999811","1","","","",""
"rename","repeat-boris","development","resolver-v2","eligible","correct","1.3999999910593033","","42","semantic","",""
"rename","repeat-boris","development","finder-default","eligible","correct","3.5619580000002316","1","","","",""
"rename","repeat-boris","development","finder-filtered","eligible","correct","2.337875000001077","1","","","",""
"rename","repeat-boris","development","dom-to-locator","eligible","correct","3.5982920000005834","1","","","",""
"rename","repeat-boris","development","mizchi","eligible","correct","3.0993749999997817","1","","","",""
"rename","indistinguishable-a","development","resolver-v2","indistinguishable","ambiguous","1.4000000059604645","","42","","duplicate-context",""
"rename","indistinguishable-a","development","finder-default","indistinguishable","wrong","3.9691249999996217","1","","","",""
"rename","indistinguishable-a","development","finder-filtered","indistinguishable","wrong","2.99633299999914","1","","","",""
"rename","indistinguishable-a","development","dom-to-locator","indistinguishable","wrong","4.052083999999013","1","","","",""
"rename","indistinguishable-a","development","mizchi","indistinguishable","wrong","3.536541000001307","1","","","",""
"rename","indistinguishable-b","development","resolver-v2","indistinguishable","ambiguous","1.4000000059604645","","42","","duplicate-context",""
"rename","indistinguishable-b","development","finder-default","indistinguishable","wrong","3.1507910000000265","1","","","",""
"rename","indistinguishable-b","development","finder-filtered","indistinguishable","wrong","3.002833999998984","1","","","",""
"rename","indistinguishable-b","development","dom-to-locator","indistinguishable","wrong","3.9281670000000304","1","","","",""
"rename","indistinguishable-b","development","mizchi","indistinguishable","wrong","3.498375000001033","1","","","",""
"rename","phone","held-out","resolver-v2","eligible","correct","1.2000000029802322","","42","semantic","",""
"rename","phone","held-out","finder-default","eligible","correct","3.0024169999996957","1","","","",""
"rename","phone","held-out","finder-filtered","eligible","correct","3.260415999999168","1","","","",""
"rename","phone","held-out","dom-to-locator","eligible","correct","4.189707999999882","1","","","",""
"rename","phone","held-out","mizchi","eligible","correct","4.707791999999245","1","","","",""
"rename","url","held-out","resolver-v2","eligible","correct","1.2000000029802322","","42","semantic","",""
"rename","url","held-out","finder-default","eligible","correct","3.076208000000406","1","","","",""
"rename","url","held-out","finder-filtered","eligible","correct","3.4110839999993914","1","","","",""
"rename","url","held-out","dom-to-locator","eligible","correct","3.2026669999995647","1","","","",""
"rename","url","held-out","mizchi","eligible","correct","3.445499999999811","1","","","",""
"rename","placeholder-search","held-out","resolver-v2","eligible","correct","1.4000000059604645","","42","semantic","",""
"rename","placeholder-search","held-out","finder-default","eligible","correct","5.515041000000565","1","","","",""
"rename","placeholder-search","held-out","finder-filtered","eligible","correct","2.946708999999828","1","","","",""
"rename","placeholder-search","held-out","dom-to-locator","eligible","correct","2.274209000001065","1","","","",""
"rename","placeholder-search","held-out","mizchi","eligible","correct","3.2205420000009326","1","","","",""
"rename","aria-name","held-out","resolver-v2","eligible","correct","1.4000000059604645","","42","semantic","",""
"rename","aria-name","held-out","finder-default","eligible","correct","3.5493329999990237","1","","","",""
"rename","aria-name","held-out","finder-filtered","eligible","correct","3.1217500000002474","1","","","",""
"rename","aria-name","held-out","dom-to-locator","eligible","correct","3.463707999999315","1","","","",""
"rename","aria-name","held-out","mizchi","eligible","correct","3.3173339999993914","1","","","",""
"rename","quantity","held-out","resolver-v2","eligible","correct","1.2999999970197678","","42","semantic","",""
"rename","quantity","held-out","finder-default","eligible","correct","3.230666999999812","1","","","",""
"rename","quantity","held-out","finder-filtered","eligible","correct","2.9082910000015545","1","","","",""
"rename","quantity","held-out","dom-to-locator","eligible","correct","3.100333000000319","1","","","",""
"rename","quantity","held-out","mizchi","eligible","correct","3.307083000001512","1","","","",""
"rename","radio-online","held-out","resolver-v2","eligible","correct","1.2999999970197678","","42","semantic","",""
"rename","radio-online","held-out","finder-default","eligible","correct","3.9981250000000728","1","","","",""
"rename","radio-online","held-out","finder-filtered","eligible","correct","3.8782499999997526","1","","","",""
"rename","radio-online","held-out","dom-to-locator","eligible","correct","3.2497910000001866","1","","","",""
"rename","radio-online","held-out","mizchi","eligible","correct","3.2545420000005834","1","","","",""
"rename","radio-office","held-out","resolver-v2","eligible","correct","1.2000000029802322","","42","semantic","",""
"rename","radio-office","held-out","finder-default","eligible","correct","3.2538750000003347","1","","","",""
"rename","radio-office","held-out","finder-filtered","eligible","correct","3.7560840000005555","1","","","",""
"rename","radio-office","held-out","dom-to-locator","eligible","correct","3.950749999999971","1","","","",""
"rename","radio-office","held-out","mizchi","eligible","correct","3.59295800000109","1","","","",""
"rename","readonly","held-out","resolver-v2","eligible","correct","1.4000000059604645","","42","semantic","",""
"rename","readonly","held-out","finder-default","eligible","correct","4.266916999999012","1","","","",""
"rename","readonly","held-out","finder-filtered","eligible","correct","2.694083000000319","1","","","",""
"rename","readonly","held-out","dom-to-locator","eligible","correct","3.7790420000001177","1","","","",""
"rename","readonly","held-out","mizchi","eligible","correct","4.2699589999992895","1","","","",""
"rename","disabled","held-out","resolver-v2","disabled","broken","1.2000000029802322","","42","","insufficient-evidence",""
"rename","disabled","held-out","finder-default","disabled","wrong","3.869125000001077","1","","","",""
"rename","disabled","held-out","finder-filtered","disabled","wrong","2.722334000000046","1","","","",""
"rename","disabled","held-out","dom-to-locator","disabled","wrong","4.424666999999317","1","","","",""
"rename","disabled","held-out","mizchi","disabled","wrong","2.5646670000005543","1","","","",""
"rename","link","held-out","resolver-v2","eligible","correct","1.2000000029802322","","42","semantic","",""
"rename","link","held-out","finder-default","eligible","correct","4.075375000000349","1","","","",""
"rename","link","held-out","finder-filtered","eligible","correct","4.104624999999942","1","","","",""
"rename","link","held-out","dom-to-locator","eligible","correct","5.532332999999198","1","","","",""
"rename","link","held-out","mizchi","eligible","correct","4.324708000000101","1","","","",""
"rename","title-button","held-out","resolver-v2","eligible","correct","1.2999999970197678","","42","semantic","",""
"rename","title-button","held-out","finder-default","eligible","correct","3.3111659999995027","1","","","",""
"rename","title-button","held-out","finder-filtered","eligible","correct","3.2465830000001006","1","","","",""
"rename","title-button","held-out","dom-to-locator","eligible","correct","3.222875000001295","1","","","",""
"rename","title-button","held-out","mizchi","eligible","correct","2.8586659999982658","1","","","",""
"rename","second-textarea","held-out","resolver-v2","eligible","correct","1.2999999970197678","","42","semantic","",""
"rename","second-textarea","held-out","finder-default","eligible","correct","2.716166999998677","1","","","",""
"rename","second-textarea","held-out","finder-filtered","eligible","correct","2.306916999999885","1","","","",""
"rename","second-textarea","held-out","dom-to-locator","eligible","correct","3.566500000000815","1","","","",""
"rename","second-textarea","held-out","mizchi","eligible","correct","2.921333999998751","1","","","",""
"rename","row-elena","held-out","resolver-v2","eligible","correct","1.199999988079071","","42","semantic","",""
"rename","row-elena","held-out","finder-default","eligible","correct","2.940375000000131","1","","","",""
"rename","row-elena","held-out","finder-filtered","eligible","correct","2.438583999999537","1","","","",""
"rename","row-elena","held-out","dom-to-locator","eligible","correct","2.994042000000263","1","","","",""
"rename","row-elena","held-out","mizchi","eligible","correct","2.935124999999971","1","","","",""
"rename","row-igor","held-out","resolver-v2","eligible","correct","1.5","","42","semantic","",""
"rename","row-igor","held-out","finder-default","eligible","correct","2.909416999998939","1","","","",""
"rename","row-igor","held-out","finder-filtered","eligible","correct","2.54254199999923","1","","","",""
"rename","row-igor","held-out","dom-to-locator","eligible","correct","3.2758340000000317","1","","","",""
"rename","row-igor","held-out","mizchi","eligible","correct","3.0053749999988213","1","","","",""
"duplicate","text","development","resolver-v2","duplicate","ambiguous","5.5","","84","","duplicate-context",""
"duplicate","text","development","finder-default","duplicate","ambiguous","0.914667000000918","2","","","",""
"duplicate","text","development","finder-filtered","duplicate","ambiguous","0.6234999999996944","2","","","",""
"duplicate","text","development","dom-to-locator","duplicate","ambiguous","3.201500000001033","2","","","",""
"duplicate","text","development","mizchi","duplicate","ambiguous","1.5239170000004378","2","","","",""
"duplicate","email","development","resolver-v2","duplicate","ambiguous","2.800000011920929","","84","","duplicate-context",""
"duplicate","email","development","finder-default","duplicate","ambiguous","1.0296660000003612","2","","","",""
"duplicate","email","development","finder-filtered","duplicate","ambiguous","0.677958000000217","2","","","",""
"duplicate","email","development","dom-to-locator","duplicate","ambiguous","1.2122920000001614","2","","","",""
"duplicate","email","development","mizchi","duplicate","ambiguous","1.1173330000001442","2","","","",""
"duplicate","select","development","resolver-v2","duplicate","ambiguous","2.2999999970197678","","84","","duplicate-context",""
"duplicate","select","development","finder-default","duplicate","ambiguous","1.034458000000086","2","","","",""
"duplicate","select","development","finder-filtered","duplicate","ambiguous","0.5211669999989681","2","","","",""
"duplicate","select","development","dom-to-locator","duplicate","ambiguous","0.8309590000008029","2","","","",""
"duplicate","select","development","mizchi","duplicate","ambiguous","1.108250000001135","2","","","",""
"duplicate","number","development","resolver-v2","duplicate","ambiguous","2.5999999940395355","","84","","duplicate-context",""
"duplicate","number","development","finder-default","duplicate","ambiguous","1.0671669999992446","2","","","",""
"duplicate","number","development","finder-filtered","duplicate","ambiguous","0.5444590000006428","2","","","",""
"duplicate","number","development","dom-to-locator","duplicate","ambiguous","1.2904159999998228","2","","","",""
"duplicate","number","development","mizchi","duplicate","ambiguous","0.9968750000007276","2","","","",""
"duplicate","checkbox","development","resolver-v2","duplicate","ambiguous","2.9000000059604645","","84","","duplicate-context",""
"duplicate","checkbox","development","finder-default","duplicate","ambiguous","0.9483749999999418","2","","","",""
"duplicate","checkbox","development","finder-filtered","duplicate","ambiguous","0.557875000000422","2","","","",""
"duplicate","checkbox","development","dom-to-locator","duplicate","ambiguous","0.8285419999992882","2","","","",""
"duplicate","checkbox","development","mizchi","duplicate","ambiguous","1.2929999999996653","2","","","",""
"duplicate","switch","development","resolver-v2","duplicate","ambiguous","2.7999999970197678","","84","","duplicate-context",""
"duplicate","switch","development","finder-default","duplicate","ambiguous","0.9919579999987036","2","","","",""
"duplicate","switch","development","finder-filtered","duplicate","ambiguous","0.7032079999989946","2","","","",""
"duplicate","switch","development","dom-to-locator","duplicate","ambiguous","0.8181250000016007","2","","","",""
"duplicate","switch","development","mizchi","duplicate","ambiguous","1.0185419999997976","2","","","",""
"duplicate","textarea","development","resolver-v2","duplicate","ambiguous","2.7999999970197678","","84","","duplicate-context",""
"duplicate","textarea","development","finder-default","duplicate","ambiguous","1.0563750000001164","2","","","",""
"duplicate","textarea","development","finder-filtered","duplicate","ambiguous","0.6212919999998121","2","","","",""
"duplicate","textarea","development","dom-to-locator","duplicate","ambiguous","1.455374999999549","2","","","",""
"duplicate","textarea","development","mizchi","duplicate","ambiguous","1.0179580000003625","2","","","",""
"duplicate","date","development","resolver-v2","duplicate","ambiguous","2.5","","84","","duplicate-context",""
"duplicate","date","development","finder-default","duplicate","ambiguous","1.021458999999595","2","","","",""
"duplicate","date","development","finder-filtered","duplicate","ambiguous","0.6598749999993743","2","","","",""
"duplicate","date","development","dom-to-locator","duplicate","ambiguous","1.3438330000008136","2","","","",""
"duplicate","date","development","mizchi","duplicate","ambiguous","0.8067080000000715","2","","","",""
"duplicate","continue","development","resolver-v2","duplicate","ambiguous","2.6000000089406967","","84","","duplicate-context",""
"duplicate","continue","development","finder-default","duplicate","wrong","4.200333000000683","1","","","",""
"duplicate","continue","development","finder-filtered","duplicate","wrong","2.695458999998664","1","","","",""
"duplicate","continue","development","dom-to-locator","duplicate","ambiguous","2.033292000000074","2","","","",""
"duplicate","continue","development","mizchi","duplicate","ambiguous","1.2167090000002645","2","","","",""
"duplicate","icon-button","development","resolver-v2","duplicate","ambiguous","2.1000000089406967","","84","","duplicate-context",""
"duplicate","icon-button","development","finder-default","duplicate","ambiguous","0.8377920000002632","2","","","",""
"duplicate","icon-button","development","finder-filtered","duplicate","ambiguous","0.8647079999991547","2","","","",""
"duplicate","icon-button","development","dom-to-locator","duplicate","ambiguous","1.4468329999999696","2","","","",""
"duplicate","icon-button","development","mizchi","duplicate","ambiguous","1.1924160000016855","2","","","",""
"duplicate","repeat-anna","development","resolver-v2","duplicate","ambiguous","2.0999999940395355","","84","","duplicate-context",""
"duplicate","repeat-anna","development","finder-default","duplicate","wrong","4.65058400000089","1","","","",""
"duplicate","repeat-anna","development","finder-filtered","duplicate","wrong","3.2042080000010174","1","","","",""
"duplicate","repeat-anna","development","dom-to-locator","duplicate","ambiguous","0.9695000000010623","2","","","",""
"duplicate","repeat-anna","development","mizchi","duplicate","ambiguous","0.7087080000001151","2","","","",""
"duplicate","repeat-boris","development","resolver-v2","duplicate","ambiguous","2.2999999970197678","","84","","duplicate-context",""
"duplicate","repeat-boris","development","finder-default","duplicate","wrong","3.7372080000004644","1","","","",""
"duplicate","repeat-boris","development","finder-filtered","duplicate","wrong","3.1982500000012806","1","","","",""
"duplicate","repeat-boris","development","dom-to-locator","duplicate","ambiguous","0.9100830000006681","2","","","",""
"duplicate","repeat-boris","development","mizchi","duplicate","ambiguous","0.9343750000007276","2","","","",""
"duplicate","indistinguishable-a","development","resolver-v2","indistinguishable","ambiguous","2.5999999940395355","","84","","duplicate-context",""
"duplicate","indistinguishable-a","development","finder-default","indistinguishable","ambiguous","1.0388330000005226","2","","","",""
"duplicate","indistinguishable-a","development","finder-filtered","indistinguishable","ambiguous","0.5924580000009882","2","","","",""
"duplicate","indistinguishable-a","development","dom-to-locator","indistinguishable","wrong","7.885833000000275","1","","","",""
"duplicate","indistinguishable-a","development","mizchi","indistinguishable","wrong","3.945332999999664","1","","","",""
"duplicate","indistinguishable-b","development","resolver-v2","indistinguishable","ambiguous","2.7000000029802322","","84","","duplicate-context",""
"duplicate","indistinguishable-b","development","finder-default","indistinguishable","ambiguous","1.0957080000007409","2","","","",""
"duplicate","indistinguishable-b","development","finder-filtered","indistinguishable","ambiguous","0.6659159999999247","2","","","",""
"duplicate","indistinguishable-b","development","dom-to-locator","indistinguishable","wrong","4.344124999999622","1","","","",""
"duplicate","indistinguishable-b","development","mizchi","indistinguishable","wrong","4.159292000000278","1","","","",""
"duplicate","phone","held-out","resolver-v2","duplicate","ambiguous","2.2999999970197678","","84","","duplicate-context",""
"duplicate","phone","held-out","finder-default","duplicate","ambiguous","0.8555830000004789","2","","","",""
"duplicate","phone","held-out","finder-filtered","duplicate","ambiguous","0.6080419999998412","2","","","",""
"duplicate","phone","held-out","dom-to-locator","duplicate","ambiguous","1.1127079999987473","2","","","",""
"duplicate","phone","held-out","mizchi","duplicate","ambiguous","1.1411669999997684","2","","","",""
"duplicate","url","held-out","resolver-v2","duplicate","ambiguous","2.7999999970197678","","84","","duplicate-context",""
"duplicate","url","held-out","finder-default","duplicate","ambiguous","0.8992080000007263","2","","","",""
"duplicate","url","held-out","finder-filtered","duplicate","ambiguous","0.6736660000005941","2","","","",""
"duplicate","url","held-out","dom-to-locator","duplicate","ambiguous","1.1328340000000026","2","","","",""
"duplicate","url","held-out","mizchi","duplicate","ambiguous","0.8975420000006125","2","","","",""
"duplicate","placeholder-search","held-out","resolver-v2","duplicate","ambiguous","2.4000000059604645","","84","","duplicate-context",""
"duplicate","placeholder-search","held-out","finder-default","duplicate","wrong","3.490208999999595","1","","","",""
"duplicate","placeholder-search","held-out","finder-filtered","duplicate","ambiguous","0.5710419999995793","2","","","",""
"duplicate","placeholder-search","held-out","dom-to-locator","duplicate","ambiguous","0.7805840000000899","2","","","",""
"duplicate","placeholder-search","held-out","mizchi","duplicate","ambiguous","0.693583000000217","2","","","",""
"duplicate","aria-name","held-out","resolver-v2","duplicate","ambiguous","2.4000000059604645","","84","","duplicate-context",""
"duplicate","aria-name","held-out","finder-default","duplicate","wrong","3.646375000000262","1","","","",""
"duplicate","aria-name","held-out","finder-filtered","duplicate","wrong","2.9836660000000848","1","","","",""
"duplicate","aria-name","held-out","dom-to-locator","duplicate","ambiguous","1.1744589999998425","2","","","",""
"duplicate","aria-name","held-out","mizchi","duplicate","ambiguous","0.909125000000131","2","","","",""
"duplicate","quantity","held-out","resolver-v2","duplicate","ambiguous","2.5","","84","","duplicate-context",""
"duplicate","quantity","held-out","finder-default","duplicate","ambiguous","0.9154159999998228","2","","","",""
"duplicate","quantity","held-out","finder-filtered","duplicate","ambiguous","0.632833000001483","2","","","",""
"duplicate","quantity","held-out","dom-to-locator","duplicate","ambiguous","1.2370410000003176","2","","","",""
"duplicate","quantity","held-out","mizchi","duplicate","ambiguous","1.006333999999697","2","","","",""
"duplicate","radio-online","held-out","resolver-v2","duplicate","ambiguous","2.2000000029802322","","84","","duplicate-context",""
"duplicate","radio-online","held-out","finder-default","duplicate","ambiguous","0.8740840000009484","2","","","",""
"duplicate","radio-online","held-out","finder-filtered","duplicate","ambiguous","0.5496669999993173","2","","","",""
"duplicate","radio-online","held-out","dom-to-locator","duplicate","ambiguous","1.0730409999996482","2","","","",""
"duplicate","radio-online","held-out","mizchi","duplicate","ambiguous","1.0168749999993452","2","","","",""
"duplicate","radio-office","held-out","resolver-v2","duplicate","ambiguous","2.2999999970197678","","84","","duplicate-context",""
"duplicate","radio-office","held-out","finder-default","duplicate","ambiguous","0.874959000000672","2","","","",""
"duplicate","radio-office","held-out","finder-filtered","duplicate","ambiguous","0.5231670000011945","2","","","",""
"duplicate","radio-office","held-out","dom-to-locator","duplicate","ambiguous","0.8683750000000146","2","","","",""
"duplicate","radio-office","held-out","mizchi","duplicate","ambiguous","0.9634169999990263","2","","","",""
"duplicate","readonly","held-out","resolver-v2","duplicate","ambiguous","2.2000000029802322","","84","","duplicate-context",""
"duplicate","readonly","held-out","finder-default","duplicate","ambiguous","0.861417000000074","2","","","",""
"duplicate","readonly","held-out","finder-filtered","duplicate","wrong","3.076375000000553","1","","","",""
"duplicate","readonly","held-out","dom-to-locator","duplicate","ambiguous","1.3924999999999272","2","","","",""
"duplicate","readonly","held-out","mizchi","duplicate","ambiguous","1.1414999999997235","2","","","",""
"duplicate","disabled","held-out","resolver-v2","disabled","ambiguous","2.4000000059604645","","84","","duplicate-context",""
"duplicate","disabled","held-out","finder-default","disabled","ambiguous","1.0118750000001455","2","","","",""
"duplicate","disabled","held-out","finder-filtered","disabled","ambiguous","0.6195840000000317","2","","","",""
"duplicate","disabled","held-out","dom-to-locator","disabled","ambiguous","1.2547089999989112","2","","","",""
"duplicate","disabled","held-out","mizchi","disabled","ambiguous","1.1312089999992168","2","","","",""
"duplicate","link","held-out","resolver-v2","duplicate","ambiguous","2.199999988079071","","84","","duplicate-context",""
"duplicate","link","held-out","finder-default","duplicate","ambiguous","0.8056249999990541","2","","","",""
"duplicate","link","held-out","finder-filtered","duplicate","ambiguous","0.6170839999995223","2","","","",""
"duplicate","link","held-out","dom-to-locator","duplicate","ambiguous","0.7818330000009155","2","","","",""
"duplicate","link","held-out","mizchi","duplicate","ambiguous","0.6725420000002487","2","","","",""
"duplicate","title-button","held-out","resolver-v2","duplicate","ambiguous","2.5","","84","","duplicate-context",""
"duplicate","title-button","held-out","finder-default","duplicate","wrong","2.9712500000005093","1","","","",""
"duplicate","title-button","held-out","finder-filtered","duplicate","ambiguous","0.6858339999998861","2","","","",""
"duplicate","title-button","held-out","dom-to-locator","duplicate","ambiguous","1.0835420000003069","2","","","",""
"duplicate","title-button","held-out","mizchi","duplicate","ambiguous","0.8875000000007276","2","","","",""
"duplicate","second-textarea","held-out","resolver-v2","duplicate","ambiguous","2.2999999970197678","","84","","duplicate-context",""
"duplicate","second-textarea","held-out","finder-default","duplicate","ambiguous","1.2597079999995913","2","","","",""
"duplicate","second-textarea","held-out","finder-filtered","duplicate","ambiguous","0.6060410000009142","2","","","",""
"duplicate","second-textarea","held-out","dom-to-locator","duplicate","ambiguous","1.3054590000010649","2","","","",""
"duplicate","second-textarea","held-out","mizchi","duplicate","ambiguous","1.1212500000001455","2","","","",""
"duplicate","row-elena","held-out","resolver-v2","duplicate","ambiguous","2.0999999940395355","","84","","duplicate-context",""
"duplicate","row-elena","held-out","finder-default","duplicate","ambiguous","0.7889579999991838","2","","","",""
"duplicate","row-elena","held-out","finder-filtered","duplicate","ambiguous","0.7011670000010781","2","","","",""
"duplicate","row-elena","held-out","dom-to-locator","duplicate","wrong","4.763750000000073","1","","","",""
"duplicate","row-elena","held-out","mizchi","duplicate","ambiguous","1.1107499999998254","2","","","",""
"duplicate","row-igor","held-out","resolver-v2","duplicate","ambiguous","2.2999999970197678","","84","","duplicate-context",""
"duplicate","row-igor","held-out","finder-default","duplicate","ambiguous","1.091500000000451","2","","","",""
"duplicate","row-igor","held-out","finder-filtered","duplicate","ambiguous","0.8058339999988675","2","","","",""
"duplicate","row-igor","held-out","dom-to-locator","duplicate","wrong","4.104499999999462","1","","","",""
"duplicate","row-igor","held-out","mizchi","duplicate","ambiguous","0.7190000000009604","2","","","",""
"removed","text","development","resolver-v2","removed","broken","0.7000000029802322","","14","","not-found",""
"removed","text","development","finder-default","removed","broken","1.0264999999999418","0","","","",""
"removed","text","development","finder-filtered","removed","broken","1.5679589999999735","0","","","",""
"removed","text","development","dom-to-locator","removed","broken","1.5690830000003189","0","","","",""
"removed","text","development","mizchi","removed","broken","0.8538750000006985","0","","","",""
"removed","email","development","resolver-v2","removed","broken","0.10000000894069672","","14","","not-found",""
"removed","email","development","finder-default","removed","broken","0.6924159999998665","0","","","",""
"removed","email","development","finder-filtered","removed","broken","0.5470420000001468","0","","","",""
"removed","email","development","dom-to-locator","removed","broken","0.6394999999993161","0","","","",""
"removed","email","development","mizchi","removed","broken","0.595499999999447","0","","","",""
"removed","select","development","resolver-v2","removed","broken","0.20000000298023224","","14","","not-found",""
"removed","select","development","finder-default","removed","broken","0.47837500000059663","0","","","",""
"removed","select","development","finder-filtered","removed","broken","0.36733300000014424","0","","","",""
"removed","select","development","dom-to-locator","removed","broken","0.4931249999990541","0","","","",""
"removed","select","development","mizchi","removed","broken","0.5514160000002448","0","","","",""
"removed","number","development","resolver-v2","removed","broken","0.09999999403953552","","14","","not-found",""
"removed","number","development","finder-default","removed","broken","0.5496669999993173","0","","","",""
"removed","number","development","finder-filtered","removed","broken","0.41583299999911105","0","","","",""
"removed","number","development","dom-to-locator","removed","broken","0.6661669999994047","0","","","",""
"removed","number","development","mizchi","removed","broken","0.6295840000002499","0","","","",""
"removed","checkbox","development","resolver-v2","removed","broken","0.09999999403953552","","14","","not-found",""
"removed","checkbox","development","finder-default","removed","broken","0.5867079999989073","0","","","",""
"removed","checkbox","development","finder-filtered","removed","broken","1.8916669999998703","0","","","",""
"removed","checkbox","development","dom-to-locator","removed","broken","1.0635830000010174","0","","","",""
"removed","checkbox","development","mizchi","removed","broken","0.8226250000006985","0","","","",""
"removed","switch","development","resolver-v2","removed","broken","0.09999999403953552","","14","","not-found",""
"removed","switch","development","finder-default","removed","broken","0.8754160000007687","0","","","",""
"removed","switch","development","finder-filtered","removed","broken","0.7293329999993148","0","","","",""
"removed","switch","development","dom-to-locator","removed","broken","1.621500000001106","0","","","",""
"removed","switch","development","mizchi","removed","broken","0.562791999998808","0","","","",""
"removed","textarea","development","resolver-v2","removed","broken","0.20000000298023224","","14","","not-found",""
"removed","textarea","development","finder-default","removed","broken","0.8385419999995065","0","","","",""
"removed","textarea","development","finder-filtered","removed","broken","0.636000000000422","0","","","",""
"removed","textarea","development","dom-to-locator","removed","broken","0.6909580000010465","0","","","",""
"removed","textarea","development","mizchi","removed","broken","0.7966249999990396","0","","","",""
"removed","date","development","resolver-v2","removed","broken","0.20000000298023224","","14","","not-found",""
"removed","date","development","finder-default","removed","broken","0.826082999999926","0","","","",""
"removed","date","development","finder-filtered","removed","broken","0.5339999999996508","0","","","",""
"removed","date","development","dom-to-locator","removed","broken","0.6328340000000026","0","","","",""
"removed","date","development","mizchi","removed","broken","0.7459159999998519","0","","","",""
"removed","continue","development","resolver-v2","removed","broken","0.10000000894069672","","14","","not-found",""
"removed","continue","development","finder-default","removed","broken","0.8510420000002341","0","","","",""
"removed","continue","development","finder-filtered","removed","broken","0.6768329999995331","0","","","",""
"removed","continue","development","dom-to-locator","removed","broken","0.7896250000012515","0","","","",""
"removed","continue","development","mizchi","removed","broken","0.5880830000005517","0","","","",""
"removed","icon-button","development","resolver-v2","removed","broken","0.20000000298023224","","14","","not-found",""
"removed","icon-button","development","finder-default","removed","broken","0.680833000000348","0","","","",""
"removed","icon-button","development","finder-filtered","removed","broken","0.6223750000008295","0","","","",""
"removed","icon-button","development","dom-to-locator","removed","broken","0.7323749999995925","0","","","",""
"removed","icon-button","development","mizchi","removed","broken","0.5692080000007991","0","","","",""
"removed","repeat-anna","development","resolver-v2","removed","broken","0.09999999403953552","","14","","not-found",""
"removed","repeat-anna","development","finder-default","removed","broken","0.5035840000000462","0","","","",""
"removed","repeat-anna","development","finder-filtered","removed","broken","0.5277919999989535","0","","","",""
"removed","repeat-anna","development","dom-to-locator","removed","broken","1.4359170000006998","0","","","",""
"removed","repeat-anna","development","mizchi","removed","broken","0.6762500000004366","0","","","",""
"removed","repeat-boris","development","resolver-v2","removed","broken","0","","14","","not-found",""
"removed","repeat-boris","development","finder-default","removed","broken","0.6856669999997393","0","","","",""
"removed","repeat-boris","development","finder-filtered","removed","broken","0.6078749999996944","0","","","",""
"removed","repeat-boris","development","dom-to-locator","removed","broken","0.8111250000001746","0","","","",""
"removed","repeat-boris","development","mizchi","removed","broken","1.0528329999997368","0","","","",""
"removed","indistinguishable-a","development","resolver-v2","indistinguishable","broken","0.10000000894069672","","14","","not-found",""
"removed","indistinguishable-a","development","finder-default","indistinguishable","broken","0.7392080000008718","0","","","",""
"removed","indistinguishable-a","development","finder-filtered","indistinguishable","broken","0.7090410000000702","0","","","",""
"removed","indistinguishable-a","development","dom-to-locator","indistinguishable","broken","0.6219160000000556","0","","","",""
"removed","indistinguishable-a","development","mizchi","indistinguishable","broken","0.5360419999997248","0","","","",""
"removed","indistinguishable-b","development","resolver-v2","indistinguishable","broken","0.10000000894069672","","14","","not-found",""
"removed","indistinguishable-b","development","finder-default","indistinguishable","broken","0.5910000000003492","0","","","",""
"removed","indistinguishable-b","development","finder-filtered","indistinguishable","broken","0.4867919999996957","0","","","",""
"removed","indistinguishable-b","development","dom-to-locator","indistinguishable","broken","1.3962080000001151","0","","","",""
"removed","indistinguishable-b","development","mizchi","indistinguishable","broken","0.7292500000003201","0","","","",""
"removed","phone","held-out","resolver-v2","removed","broken","0.10000000894069672","","14","","not-found",""
"removed","phone","held-out","finder-default","removed","broken","0.5806250000005093","0","","","",""
"removed","phone","held-out","finder-filtered","removed","broken","0.4038749999999709","0","","","",""
"removed","phone","held-out","dom-to-locator","removed","broken","0.4454999999998108","0","","","",""
"removed","phone","held-out","mizchi","removed","broken","0.42279099999905156","0","","","",""
"removed","url","held-out","resolver-v2","removed","broken","0","","14","","not-found",""
"removed","url","held-out","finder-default","removed","broken","0.3889579999995476","0","","","",""
"removed","url","held-out","finder-filtered","removed","broken","0.3347909999993135","0","","","",""
"removed","url","held-out","dom-to-locator","removed","broken","0.482625000000553","0","","","",""
"removed","url","held-out","mizchi","removed","broken","0.383957999998529","0","","","",""
"removed","placeholder-search","held-out","resolver-v2","removed","broken","0.10000000894069672","","14","","not-found",""
"removed","placeholder-search","held-out","finder-default","removed","broken","0.5884590000005119","0","","","",""
"removed","placeholder-search","held-out","finder-filtered","removed","broken","0.4916670000002341","0","","","",""
"removed","placeholder-search","held-out","dom-to-locator","removed","broken","1.7029579999998532","0","","","",""
"removed","placeholder-search","held-out","mizchi","removed","broken","0.7166669999987789","0","","","",""
"removed","aria-name","held-out","resolver-v2","removed","broken","0.09999999403953552","","14","","not-found",""
"removed","aria-name","held-out","finder-default","removed","broken","0.6540409999997792","0","","","",""
"removed","aria-name","held-out","finder-filtered","removed","broken","0.735499999998865","0","","","",""
"removed","aria-name","held-out","dom-to-locator","removed","broken","0.7296669999996084","0","","","",""
"removed","aria-name","held-out","mizchi","removed","broken","0.5049579999995331","0","","","",""
"removed","quantity","held-out","resolver-v2","removed","broken","0.09999999403953552","","14","","not-found",""
"removed","quantity","held-out","finder-default","removed","broken","0.4694999999992433","0","","","",""
"removed","quantity","held-out","finder-filtered","removed","broken","0.3975000000009459","0","","","",""
"removed","quantity","held-out","dom-to-locator","removed","broken","0.4980840000007447","0","","","",""
"removed","quantity","held-out","mizchi","removed","broken","0.47491599999921164","0","","","",""
"removed","radio-online","held-out","resolver-v2","removed","broken","0.09999999403953552","","14","","not-found",""
"removed","radio-online","held-out","finder-default","removed","broken","0.6413749999992433","0","","","",""
"removed","radio-online","held-out","finder-filtered","removed","broken","0.5037919999995211","0","","","",""
"removed","radio-online","held-out","dom-to-locator","removed","broken","0.4876249999997526","0","","","",""
"removed","radio-online","held-out","mizchi","removed","broken","0.43641700000080164","0","","","",""
"removed","radio-office","held-out","resolver-v2","removed","broken","0.09999999403953552","","14","","not-found",""
"removed","radio-office","held-out","finder-default","removed","broken","0.5789589999985765","0","","","",""
"removed","radio-office","held-out","finder-filtered","removed","broken","0.42658400000073016","0","","","",""
"removed","radio-office","held-out","dom-to-locator","removed","broken","0.47475000000122236","0","","","",""
"removed","radio-office","held-out","mizchi","removed","broken","0.4675409999999829","0","","","",""
"removed","readonly","held-out","resolver-v2","removed","broken","0","","14","","not-found",""
"removed","readonly","held-out","finder-default","removed","broken","0.7858329999999114","0","","","",""
"removed","readonly","held-out","finder-filtered","removed","broken","0.5584579999995185","0","","","",""
"removed","readonly","held-out","dom-to-locator","removed","broken","0.5561670000006416","0","","","",""
"removed","readonly","held-out","mizchi","removed","broken","0.49570800000037707","0","","","",""
"removed","disabled","held-out","resolver-v2","disabled","broken","0","","14","","not-found",""
"removed","disabled","held-out","finder-default","disabled","broken","0.5588339999994787","0","","","",""
"removed","disabled","held-out","finder-filtered","disabled","broken","0.6335409999992407","0","","","",""
"removed","disabled","held-out","dom-to-locator","disabled","broken","0.6784580000003189","0","","","",""
"removed","disabled","held-out","mizchi","disabled","broken","0.6455839999998716","0","","","",""
"removed","link","held-out","resolver-v2","removed","broken","0.10000000894069672","","14","","not-found",""
"removed","link","held-out","finder-default","removed","broken","0.4677090000004682","0","","","",""
"removed","link","held-out","finder-filtered","removed","broken","0.4026670000002923","0","","","",""
"removed","link","held-out","dom-to-locator","removed","broken","0.46225000000049477","0","","","",""
"removed","link","held-out","mizchi","removed","broken","0.4825410000012198","0","","","",""
"removed","title-button","held-out","resolver-v2","removed","broken","0","","14","","not-found",""
"removed","title-button","held-out","finder-default","removed","broken","0.5555420000000595","0","","","",""
"removed","title-button","held-out","finder-filtered","removed","broken","0.4937499999996362","0","","","",""
"removed","title-button","held-out","dom-to-locator","removed","broken","0.5988749999996799","0","","","",""
"removed","title-button","held-out","mizchi","removed","broken","0.5417499999985012","0","","","",""
"removed","second-textarea","held-out","resolver-v2","removed","broken","0.10000000894069672","","14","","not-found",""
"removed","second-textarea","held-out","finder-default","removed","broken","0.5787920000002487","0","","","",""
"removed","second-textarea","held-out","finder-filtered","removed","broken","0.39204199999949196","0","","","",""
"removed","second-textarea","held-out","dom-to-locator","removed","broken","0.4153339999993477","0","","","",""
"removed","second-textarea","held-out","mizchi","removed","broken","0.39933299999938754","0","","","",""
"removed","row-elena","held-out","resolver-v2","removed","broken","0.09999999403953552","","14","","not-found",""
"removed","row-elena","held-out","finder-default","removed","broken","0.7382920000000013","0","","","",""
"removed","row-elena","held-out","finder-filtered","removed","broken","0.6319999999996071","0","","","",""
"removed","row-elena","held-out","dom-to-locator","removed","broken","0.5513339999997697","0","","","",""
"removed","row-elena","held-out","mizchi","removed","broken","0.7564999999995052","0","","","",""
"removed","row-igor","held-out","resolver-v2","removed","broken","0.09999999403953552","","14","","not-found",""
"removed","row-igor","held-out","finder-default","removed","broken","0.5181659999998374","0","","","",""
"removed","row-igor","held-out","finder-filtered","removed","broken","0.5335409999988769","0","","","",""
"removed","row-igor","held-out","dom-to-locator","removed","broken","0.6117500000000291","0","","","",""
"removed","row-igor","held-out","mizchi","removed","broken","0.6298750000005384","0","","","",""
"lost-context","text","development","resolver-v2","eligible","correct","4.600000008940697","","42","semantic","",""
"lost-context","text","development","finder-default","eligible","correct","3.5617499999989377","1","","","",""
"lost-context","text","development","finder-filtered","eligible","correct","2.8559169999989535","1","","","",""
"lost-context","text","development","dom-to-locator","eligible","correct","5.26654199999939","1","","","",""
"lost-context","text","development","mizchi","eligible","correct","3.9400839999998425","1","","","",""
"lost-context","email","development","resolver-v2","eligible","correct","1.5999999940395355","","42","semantic","",""
"lost-context","email","development","finder-default","eligible","correct","7.798165999998673","1","","","",""
"lost-context","email","development","finder-filtered","eligible","correct","2.980999999999767","1","","","",""
"lost-context","email","development","dom-to-locator","eligible","correct","4.353917000000365","1","","","",""
"lost-context","email","development","mizchi","eligible","correct","3.484875000000102","1","","","",""
"lost-context","select","development","resolver-v2","eligible","correct","1.5999999940395355","","42","semantic","",""
"lost-context","select","development","finder-default","eligible","correct","3.6085000000002765","1","","","",""
"lost-context","select","development","finder-filtered","eligible","correct","2.8906669999996666","1","","","",""
"lost-context","select","development","dom-to-locator","eligible","correct","3.3376250000001164","1","","","",""
"lost-context","select","development","mizchi","eligible","correct","3.3165829999998095","1","","","",""
"lost-context","number","development","resolver-v2","eligible","correct","1.5","","42","semantic","",""
"lost-context","number","development","finder-default","eligible","correct","3.4717920000002778","1","","","",""
"lost-context","number","development","finder-filtered","eligible","correct","2.5198329999984708","1","","","",""
"lost-context","number","development","dom-to-locator","eligible","correct","4.248084000000745","1","","","",""
"lost-context","number","development","mizchi","eligible","correct","3.092832999998791","1","","","",""
"lost-context","checkbox","development","resolver-v2","eligible","correct","1.5","","42","semantic","",""
"lost-context","checkbox","development","finder-default","eligible","correct","3.4742909999986296","1","","","",""
"lost-context","checkbox","development","finder-filtered","eligible","correct","2.3529580000013084","1","","","",""
"lost-context","checkbox","development","dom-to-locator","eligible","correct","3.3231660000001284","1","","","",""
"lost-context","checkbox","development","mizchi","eligible","correct","3.211875000000873","1","","","",""
"lost-context","switch","development","resolver-v2","eligible","correct","1.5","","42","semantic","",""
"lost-context","switch","development","finder-default","eligible","correct","2.9521249999997963","1","","","",""
"lost-context","switch","development","finder-filtered","eligible","correct","2.2967090000001917","1","","","",""
"lost-context","switch","development","dom-to-locator","eligible","correct","4.188583999999537","1","","","",""
"lost-context","switch","development","mizchi","eligible","correct","2.587333999999828","1","","","",""
"lost-context","textarea","development","resolver-v2","eligible","correct","1.2999999970197678","","42","semantic","",""
"lost-context","textarea","development","finder-default","eligible","correct","2.8178750000006403","1","","","",""
"lost-context","textarea","development","finder-filtered","eligible","correct","2.899583000000348","1","","","",""
"lost-context","textarea","development","dom-to-locator","eligible","correct","2.993124999999054","1","","","",""
"lost-context","textarea","development","mizchi","eligible","correct","3.039249999999811","1","","","",""
"lost-context","date","development","resolver-v2","eligible","correct","1.2999999970197678","","42","semantic","",""
"lost-context","date","development","finder-default","eligible","correct","3.118040999999721","1","","","",""
"lost-context","date","development","finder-filtered","eligible","correct","2.5201670000005834","1","","","",""
"lost-context","date","development","dom-to-locator","eligible","correct","3.389999999999418","1","","","",""
"lost-context","date","development","mizchi","eligible","correct","3.240250000000742","1","","","",""
"lost-context","continue","development","resolver-v2","eligible","correct","1.2999999970197678","","42","semantic","",""
"lost-context","continue","development","finder-default","eligible","correct","3.4406249999992724","1","","","",""
"lost-context","continue","development","finder-filtered","eligible","correct","2.974707999999737","1","","","",""
"lost-context","continue","development","dom-to-locator","eligible","correct","4.350500000000466","1","","","",""
"lost-context","continue","development","mizchi","eligible","correct","6.764874999998938","1","","","",""
"lost-context","icon-button","development","resolver-v2","eligible","correct","1.300000011920929","","42","semantic","",""
"lost-context","icon-button","development","finder-default","eligible","correct","2.7288749999988795","1","","","",""
"lost-context","icon-button","development","finder-filtered","eligible","correct","2.705334000000221","1","","","",""
"lost-context","icon-button","development","dom-to-locator","eligible","correct","4.339792000000671","1","","","",""
"lost-context","icon-button","development","mizchi","eligible","correct","3.164582999999766","1","","","",""
"lost-context","repeat-anna","development","resolver-v2","context-lost","broken","1.2000000029802322","","42","","scope-mismatch",""
"lost-context","repeat-anna","development","finder-default","context-lost","wrong","2.9267089999993914","1","","","",""
"lost-context","repeat-anna","development","finder-filtered","context-lost","wrong","2.8063749999982974","1","","","",""
"lost-context","repeat-anna","development","dom-to-locator","context-lost","broken","0.859375","0","","","",""
"lost-context","repeat-anna","development","mizchi","context-lost","broken","0.583916000001409","0","","","",""
"lost-context","repeat-boris","development","resolver-v2","context-lost","broken","1.4000000059604645","","42","","scope-mismatch",""
"lost-context","repeat-boris","development","finder-default","context-lost","wrong","3.026625000000422","1","","","",""
"lost-context","repeat-boris","development","finder-filtered","context-lost","wrong","2.6317500000004657","1","","","",""
"lost-context","repeat-boris","development","dom-to-locator","context-lost","broken","0.659417000000758","0","","","",""
"lost-context","repeat-boris","development","mizchi","context-lost","broken","0.6182499999995343","0","","","",""
"lost-context","indistinguishable-a","development","resolver-v2","indistinguishable","ambiguous","1.0999999940395355","","42","","duplicate-context",""
"lost-context","indistinguishable-a","development","finder-default","indistinguishable","wrong","2.890124999999898","1","","","",""
"lost-context","indistinguishable-a","development","finder-filtered","indistinguishable","wrong","2.8220840000012686","1","","","",""
"lost-context","indistinguishable-a","development","dom-to-locator","indistinguishable","wrong","3.452040999998644","1","","","",""
"lost-context","indistinguishable-a","development","mizchi","indistinguishable","wrong","3.5102499999993597","1","","","",""
"lost-context","indistinguishable-b","development","resolver-v2","indistinguishable","ambiguous","1.2000000029802322","","42","","duplicate-context",""
"lost-context","indistinguishable-b","development","finder-default","indistinguishable","wrong","3.202291999999943","1","","","",""
"lost-context","indistinguishable-b","development","finder-filtered","indistinguishable","wrong","2.8400839999994787","1","","","",""
"lost-context","indistinguishable-b","development","dom-to-locator","indistinguishable","wrong","3.5531670000000304","1","","","",""
"lost-context","indistinguishable-b","development","mizchi","indistinguishable","wrong","3.277417000001151","1","","","",""
"lost-context","phone","held-out","resolver-v2","eligible","correct","1.2999999970197678","","42","semantic","",""
"lost-context","phone","held-out","finder-default","eligible","correct","2.879625000001397","1","","","",""
"lost-context","phone","held-out","finder-filtered","eligible","correct","2.1175829999992857","1","","","",""
"lost-context","phone","held-out","dom-to-locator","eligible","correct","3.164667000000918","1","","","",""
"lost-context","phone","held-out","mizchi","eligible","correct","2.6208330000008573","1","","","",""
"lost-context","url","held-out","resolver-v2","eligible","correct","1.3999999910593033","","42","semantic","",""
"lost-context","url","held-out","finder-default","eligible","correct","3.18316699999923","1","","","",""
"lost-context","url","held-out","finder-filtered","eligible","correct","2.526041000000987","1","","","",""
"lost-context","url","held-out","dom-to-locator","eligible","correct","3.237666999999419","1","","","",""
"lost-context","url","held-out","mizchi","eligible","correct","2.8881669999991573","1","","","",""
"lost-context","placeholder-search","held-out","resolver-v2","eligible","correct","1.2999999970197678","","42","semantic","",""
"lost-context","placeholder-search","held-out","finder-default","eligible","correct","3.7253749999999854","1","","","",""
"lost-context","placeholder-search","held-out","finder-filtered","eligible","correct","2.7733340000013413","1","","","",""
"lost-context","placeholder-search","held-out","dom-to-locator","eligible","correct","3.1114999999990687","1","","","",""
"lost-context","placeholder-search","held-out","mizchi","eligible","correct","3.2479999999995925","1","","","",""
"lost-context","aria-name","held-out","resolver-v2","eligible","correct","1.3999999910593033","","42","semantic","",""
"lost-context","aria-name","held-out","finder-default","eligible","correct","3.7041250000002037","1","","","",""
"lost-context","aria-name","held-out","finder-filtered","eligible","correct","2.8473329999997077","1","","","",""
"lost-context","aria-name","held-out","dom-to-locator","eligible","correct","3.3195419999992737","1","","","",""
"lost-context","aria-name","held-out","mizchi","eligible","correct","3.0414160000000265","1","","","",""
"lost-context","quantity","held-out","resolver-v2","eligible","correct","1.5","","42","semantic","",""
"lost-context","quantity","held-out","finder-default","eligible","correct","3.137124999999287","1","","","",""
"lost-context","quantity","held-out","finder-filtered","eligible","correct","2.4165419999990263","1","","","",""
"lost-context","quantity","held-out","dom-to-locator","eligible","correct","3.328750000000582","1","","","",""
"lost-context","quantity","held-out","mizchi","eligible","correct","2.8945829999993293","1","","","",""
"lost-context","radio-online","held-out","resolver-v2","eligible","correct","1.199999988079071","","42","semantic","",""
"lost-context","radio-online","held-out","finder-default","eligible","correct","3.0291250000009313","1","","","",""
"lost-context","radio-online","held-out","finder-filtered","eligible","correct","3.266750000000684","1","","","",""
"lost-context","radio-online","held-out","dom-to-locator","eligible","correct","3.149083000000246","1","","","",""
"lost-context","radio-online","held-out","mizchi","eligible","correct","2.434124999999767","1","","","",""
"lost-context","radio-office","held-out","resolver-v2","eligible","correct","1.2000000029802322","","42","semantic","",""
"lost-context","radio-office","held-out","finder-default","eligible","correct","2.937792000000627","1","","","",""
"lost-context","radio-office","held-out","finder-filtered","eligible","correct","2.783041000000594","1","","","",""
"lost-context","radio-office","held-out","dom-to-locator","eligible","correct","3.0074580000000424","1","","","",""
"lost-context","radio-office","held-out","mizchi","eligible","correct","2.6243329999997513","1","","","",""
"lost-context","readonly","held-out","resolver-v2","eligible","correct","1.4000000059604645","","42","semantic","",""
"lost-context","readonly","held-out","finder-default","eligible","correct","2.873250000000553","1","","","",""
"lost-context","readonly","held-out","finder-filtered","eligible","correct","2.5717920000006416","1","","","",""
"lost-context","readonly","held-out","dom-to-locator","eligible","correct","3.3036669999983133","1","","","",""
"lost-context","readonly","held-out","mizchi","eligible","correct","2.7722090000006574","1","","","",""
"lost-context","disabled","held-out","resolver-v2","disabled","broken","1.2000000029802322","","42","","insufficient-evidence",""
"lost-context","disabled","held-out","finder-default","disabled","wrong","3.2124579999999696","1","","","",""
"lost-context","disabled","held-out","finder-filtered","disabled","wrong","2.874416000000565","1","","","",""
"lost-context","disabled","held-out","dom-to-locator","disabled","wrong","2.9411249999993743","1","","","",""
"lost-context","disabled","held-out","mizchi","disabled","wrong","2.60991599999943","1","","","",""
"lost-context","link","held-out","resolver-v2","eligible","correct","1.2999999970197678","","42","semantic","",""
"lost-context","link","held-out","finder-default","eligible","correct","2.680499999998574","1","","","",""
"lost-context","link","held-out","finder-filtered","eligible","correct","2.69366699999955","1","","","",""
"lost-context","link","held-out","dom-to-locator","eligible","correct","3.1759170000004815","1","","","",""
"lost-context","link","held-out","mizchi","eligible","correct","2.859958999999435","1","","","",""
"lost-context","title-button","held-out","resolver-v2","eligible","correct","1.4000000059604645","","42","semantic","",""
"lost-context","title-button","held-out","finder-default","eligible","correct","3.0528750000012224","1","","","",""
"lost-context","title-button","held-out","finder-filtered","eligible","correct","2.5742079999999987","1","","","",""
"lost-context","title-button","held-out","dom-to-locator","eligible","correct","3.252875000000131","1","","","",""
"lost-context","title-button","held-out","mizchi","eligible","correct","3.0368749999997817","1","","","",""
"lost-context","second-textarea","held-out","resolver-v2","eligible","correct","1.2999999970197678","","42","semantic","",""
"lost-context","second-textarea","held-out","finder-default","eligible","correct","3.5144579999996495","1","","","",""
"lost-context","second-textarea","held-out","finder-filtered","eligible","correct","2.4647920000006707","1","","","",""
"lost-context","second-textarea","held-out","dom-to-locator","eligible","correct","3.134208999999828","1","","","",""
"lost-context","second-textarea","held-out","mizchi","eligible","correct","2.374458999998751","1","","","",""
"lost-context","row-elena","held-out","resolver-v2","context-lost","broken","1","","42","","scope-mismatch",""
"lost-context","row-elena","held-out","finder-default","context-lost","wrong","3.2688749999997526","1","","","",""
"lost-context","row-elena","held-out","finder-filtered","context-lost","wrong","2.533500000001368","1","","","",""
"lost-context","row-elena","held-out","dom-to-locator","context-lost","wrong","3.195499999999811","1","","","",""
"lost-context","row-elena","held-out","mizchi","context-lost","broken","0.7726249999996071","0","","","",""
"lost-context","row-igor","held-out","resolver-v2","context-lost","broken","1.3999999910593033","","42","","scope-mismatch",""
"lost-context","row-igor","held-out","finder-default","context-lost","wrong","3.0197079999998095","1","","","",""
"lost-context","row-igor","held-out","finder-filtered","context-lost","wrong","5.256333999999697","1","","","",""
"lost-context","row-igor","held-out","dom-to-locator","context-lost","wrong","3.283499999999549","1","","","",""
"lost-context","row-igor","held-out","mizchi","context-lost","broken","0.7646669999994629","0","","","",""
"css-trap","text","development","resolver-v2","eligible","correct","4.200000002980232","","43","semantic","",""
"css-trap","text","development","finder-default","eligible","correct","3.3604169999998703","1","","","",""
"css-trap","text","development","finder-filtered","eligible","correct","2.3210409999992407","1","","","",""
"css-trap","text","development","dom-to-locator","eligible","correct","5.130374999998821","1","","","",""
"css-trap","text","development","mizchi","eligible","correct","2.971916999998939","1","","","",""
"css-trap","email","development","resolver-v2","eligible","correct","1.699999988079071","","43","semantic","",""
"css-trap","email","development","finder-default","eligible","correct","4.127500000000509","1","","","",""
"css-trap","email","development","finder-filtered","eligible","correct","3.2937090000013995","1","","","",""
"css-trap","email","development","dom-to-locator","eligible","correct","3.7365000000008877","1","","","",""
"css-trap","email","development","mizchi","eligible","correct","3.0738339999988966","1","","","",""
"css-trap","select","development","resolver-v2","eligible","correct","1.2999999970197678","","43","semantic","",""
"css-trap","select","development","finder-default","eligible","correct","3.1748329999991256","1","","","",""
"css-trap","select","development","finder-filtered","eligible","correct","2.570541000000958","1","","","",""
"css-trap","select","development","dom-to-locator","eligible","correct","2.708542000000307","1","","","",""
"css-trap","select","development","mizchi","eligible","correct","2.729084000000512","1","","","",""
"css-trap","number","development","resolver-v2","eligible","correct","1.5","","43","semantic","",""
"css-trap","number","development","finder-default","eligible","correct","3.47308300000077","1","","","",""
"css-trap","number","development","finder-filtered","eligible","correct","2.662458000000697","1","","","",""
"css-trap","number","development","dom-to-locator","eligible","correct","3.7282909999994445","1","","","",""
"css-trap","number","development","mizchi","eligible","correct","2.8170829999999114","1","","","",""
"css-trap","checkbox","development","resolver-v2","eligible","correct","1.4000000059604645","","43","semantic","",""
"css-trap","checkbox","development","finder-default","eligible","correct","3.0106249999989814","1","","","",""
"css-trap","checkbox","development","finder-filtered","eligible","correct","2.4758330000004207","1","","","",""
"css-trap","checkbox","development","dom-to-locator","eligible","correct","3.276499999999942","1","","","",""
"css-trap","checkbox","development","mizchi","eligible","correct","2.826791999999841","1","","","",""
"css-trap","switch","development","resolver-v2","eligible","correct","1.5999999940395355","","43","semantic","",""
"css-trap","switch","development","finder-default","eligible","correct","2.9616669999995793","1","","","",""
"css-trap","switch","development","finder-filtered","eligible","correct","2.860833000000639","1","","","",""
"css-trap","switch","development","dom-to-locator","eligible","correct","2.9915839999994205","1","","","",""
"css-trap","switch","development","mizchi","eligible","correct","2.9194580000003043","1","","","",""
"css-trap","textarea","development","resolver-v2","eligible","correct","1.4000000059604645","","43","semantic","",""
"css-trap","textarea","development","finder-default","eligible","correct","2.933500000001004","1","","","",""
"css-trap","textarea","development","finder-filtered","eligible","correct","2.7437910000007832","1","","","",""
"css-trap","textarea","development","dom-to-locator","eligible","correct","3.656334000001152","1","","","",""
"css-trap","textarea","development","mizchi","eligible","correct","3.056958000001032","1","","","",""
"css-trap","date","development","resolver-v2","eligible","correct","1.5999999940395355","","43","semantic","",""
"css-trap","date","development","finder-default","eligible","correct","2.879624999999578","1","","","",""
"css-trap","date","development","finder-filtered","eligible","correct","2.8108330000013666","1","","","",""
"css-trap","date","development","dom-to-locator","eligible","correct","3.450290999999197","1","","","",""
"css-trap","date","development","mizchi","eligible","correct","2.9076659999991534","1","","","",""
"css-trap","continue","development","resolver-v2","eligible","correct","1.7000000029802322","","43","semantic","",""
"css-trap","continue","development","finder-default","eligible","wrong","3.462582999998631","1","","","",""
"css-trap","continue","development","finder-filtered","eligible","wrong","2.603624999999738","1","","","",""
"css-trap","continue","development","dom-to-locator","eligible","correct","8.295124999998734","1","","","",""
"css-trap","continue","development","mizchi","eligible","correct","3.583042000000205","1","","","",""
"css-trap","icon-button","development","resolver-v2","eligible","correct","1.4000000059604645","","43","semantic","",""
"css-trap","icon-button","development","finder-default","eligible","correct","3.1568329999990965","1","","","",""
"css-trap","icon-button","development","finder-filtered","eligible","correct","2.87487499999952","1","","","",""
"css-trap","icon-button","development","dom-to-locator","eligible","correct","3.6650829999998678","1","","","",""
"css-trap","icon-button","development","mizchi","eligible","correct","2.917875000001004","1","","","",""
"css-trap","repeat-anna","development","resolver-v2","eligible","correct","1.3999999910593033","","43","semantic","",""
"css-trap","repeat-anna","development","finder-default","eligible","correct","3.418540999999095","1","","","",""
"css-trap","repeat-anna","development","finder-filtered","eligible","correct","2.7126250000001164","1","","","",""
"css-trap","repeat-anna","development","dom-to-locator","eligible","correct","2.919792000000598","1","","","",""
"css-trap","repeat-anna","development","mizchi","eligible","correct","2.8479579999984708","1","","","",""
"css-trap","repeat-boris","development","resolver-v2","eligible","correct","1.3999999910593033","","43","semantic","",""
"css-trap","repeat-boris","development","finder-default","eligible","correct","2.5576249999994616","1","","","",""
"css-trap","repeat-boris","development","finder-filtered","eligible","correct","3.033500000001368","1","","","",""
"css-trap","repeat-boris","development","dom-to-locator","eligible","correct","2.882499999999709","1","","","",""
"css-trap","repeat-boris","development","mizchi","eligible","correct","2.277958000000581","1","","","",""
"css-trap","indistinguishable-a","development","resolver-v2","indistinguishable","ambiguous","1.4000000059604645","","43","","duplicate-context",""
"css-trap","indistinguishable-a","development","finder-default","indistinguishable","wrong","2.7122500000004948","1","","","",""
"css-trap","indistinguishable-a","development","finder-filtered","indistinguishable","wrong","2.3170000000009168","1","","","",""
"css-trap","indistinguishable-a","development","dom-to-locator","indistinguishable","wrong","4.8504159999993135","1","","","",""
"css-trap","indistinguishable-a","development","mizchi","indistinguishable","wrong","3.7843750000010914","1","","","",""
"css-trap","indistinguishable-b","development","resolver-v2","indistinguishable","ambiguous","1.2000000029802322","","43","","duplicate-context",""
"css-trap","indistinguishable-b","development","finder-default","indistinguishable","wrong","3.367583999999624","1","","","",""
"css-trap","indistinguishable-b","development","finder-filtered","indistinguishable","wrong","2.4666249999991123","1","","","",""
"css-trap","indistinguishable-b","development","dom-to-locator","indistinguishable","wrong","3.439416999999594","1","","","",""
"css-trap","indistinguishable-b","development","mizchi","indistinguishable","wrong","2.512209000000439","1","","","",""
"css-trap","phone","held-out","resolver-v2","eligible","correct","1.4000000059604645","","43","semantic","",""
"css-trap","phone","held-out","finder-default","eligible","correct","3.3877919999995356","1","","","",""
"css-trap","phone","held-out","finder-filtered","eligible","correct","2.479708999999275","1","","","",""
"css-trap","phone","held-out","dom-to-locator","eligible","correct","3.3122089999997115","1","","","",""
"css-trap","phone","held-out","mizchi","eligible","correct","3.161000000000058","1","","","",""
"css-trap","url","held-out","resolver-v2","eligible","correct","1.2999999970197678","","43","semantic","",""
"css-trap","url","held-out","finder-default","eligible","correct","3.034125000000131","1","","","",""
"css-trap","url","held-out","finder-filtered","eligible","correct","2.5384589999994205","1","","","",""
"css-trap","url","held-out","dom-to-locator","eligible","correct","3.9176659999993717","1","","","",""
"css-trap","url","held-out","mizchi","eligible","correct","3.168874999999389","1","","","",""
"css-trap","placeholder-search","held-out","resolver-v2","eligible","correct","1.6000000089406967","","43","semantic","",""
"css-trap","placeholder-search","held-out","finder-default","eligible","correct","3.104750000000422","1","","","",""
"css-trap","placeholder-search","held-out","finder-filtered","eligible","correct","3.182208999998693","1","","","",""
"css-trap","placeholder-search","held-out","dom-to-locator","eligible","correct","2.9556249999986903","1","","","",""
"css-trap","placeholder-search","held-out","mizchi","eligible","correct","3.0925830000014685","1","","","",""
"css-trap","aria-name","held-out","resolver-v2","eligible","correct","1.4000000059604645","","43","semantic","",""
"css-trap","aria-name","held-out","finder-default","eligible","correct","3.225166000000172","1","","","",""
"css-trap","aria-name","held-out","finder-filtered","eligible","correct","3.0657499999997526","1","","","",""
"css-trap","aria-name","held-out","dom-to-locator","eligible","correct","3.558666999999332","1","","","",""
"css-trap","aria-name","held-out","mizchi","eligible","correct","2.8689159999994445","1","","","",""
"css-trap","quantity","held-out","resolver-v2","eligible","correct","1.4000000059604645","","43","semantic","",""
"css-trap","quantity","held-out","finder-default","eligible","correct","2.880834000001414","1","","","",""
"css-trap","quantity","held-out","finder-filtered","eligible","correct","2.4278340000000753","1","","","",""
"css-trap","quantity","held-out","dom-to-locator","eligible","correct","3.1725829999995767","1","","","",""
"css-trap","quantity","held-out","mizchi","eligible","correct","2.5846249999995052","1","","","",""
"css-trap","radio-online","held-out","resolver-v2","eligible","correct","1.2000000029802322","","43","semantic","",""
"css-trap","radio-online","held-out","finder-default","eligible","correct","3.042874999999185","1","","","",""
"css-trap","radio-online","held-out","finder-filtered","eligible","correct","2.8746250000003783","1","","","",""
"css-trap","radio-online","held-out","dom-to-locator","eligible","correct","3.8106250000000728","1","","","",""
"css-trap","radio-online","held-out","mizchi","eligible","correct","2.858582999999271","1","","","",""
"css-trap","radio-office","held-out","resolver-v2","eligible","correct","1.2000000029802322","","43","semantic","",""
"css-trap","radio-office","held-out","finder-default","eligible","correct","3.1439579999987473","1","","","",""
"css-trap","radio-office","held-out","finder-filtered","eligible","correct","2.5600830000003043","1","","","",""
"css-trap","radio-office","held-out","dom-to-locator","eligible","correct","3.276416999999128","1","","","",""
"css-trap","radio-office","held-out","mizchi","eligible","correct","3.57879099999991","1","","","",""
"css-trap","readonly","held-out","resolver-v2","eligible","correct","1.3999999910593033","","43","semantic","",""
"css-trap","readonly","held-out","finder-default","eligible","correct","3.377542000000176","1","","","",""
"css-trap","readonly","held-out","finder-filtered","eligible","correct","2.7033750000009604","1","","","",""
"css-trap","readonly","held-out","dom-to-locator","eligible","correct","3.0737499999995634","1","","","",""
"css-trap","readonly","held-out","mizchi","eligible","correct","2.8840420000015","1","","","",""
"css-trap","disabled","held-out","resolver-v2","disabled","broken","1.5","","43","","insufficient-evidence",""
"css-trap","disabled","held-out","finder-default","disabled","wrong","3.0213330000005953","1","","","",""
"css-trap","disabled","held-out","finder-filtered","disabled","wrong","3.0782080000008136","1","","","",""
"css-trap","disabled","held-out","dom-to-locator","disabled","wrong","3.5748750000002474","1","","","",""
"css-trap","disabled","held-out","mizchi","disabled","wrong","2.7368329999990237","1","","","",""
"css-trap","link","held-out","resolver-v2","eligible","correct","1.300000011920929","","43","semantic","",""
"css-trap","link","held-out","finder-default","eligible","correct","3.3429589999996097","1","","","",""
"css-trap","link","held-out","finder-filtered","eligible","correct","3.2763749999994616","1","","","",""
"css-trap","link","held-out","dom-to-locator","eligible","correct","3.0018749999999272","1","","","",""
"css-trap","link","held-out","mizchi","eligible","correct","2.6847079999988637","1","","","",""
"css-trap","title-button","held-out","resolver-v2","eligible","correct","1.2000000029802322","","43","semantic","",""
"css-trap","title-button","held-out","finder-default","eligible","correct","3.0070419999992737","1","","","",""
"css-trap","title-button","held-out","finder-filtered","eligible","correct","2.679500000000189","1","","","",""
"css-trap","title-button","held-out","dom-to-locator","eligible","correct","3.0067500000004657","1","","","",""
"css-trap","title-button","held-out","mizchi","eligible","correct","2.823500000000422","1","","","",""
"css-trap","second-textarea","held-out","resolver-v2","eligible","correct","1.4000000059604645","","43","semantic","",""
"css-trap","second-textarea","held-out","finder-default","eligible","correct","3.051292000000103","1","","","",""
"css-trap","second-textarea","held-out","finder-filtered","eligible","correct","2.1985830000012356","1","","","",""
"css-trap","second-textarea","held-out","dom-to-locator","eligible","correct","3.186249999998836","1","","","",""
"css-trap","second-textarea","held-out","mizchi","eligible","correct","2.7106669999993755","1","","","",""
"css-trap","row-elena","held-out","resolver-v2","eligible","correct","1.2000000029802322","","43","semantic","",""
"css-trap","row-elena","held-out","finder-default","eligible","correct","2.939124999998967","1","","","",""
"css-trap","row-elena","held-out","finder-filtered","eligible","correct","2.4836669999986043","1","","","",""
"css-trap","row-elena","held-out","dom-to-locator","eligible","correct","3.2772079999995185","1","","","",""
"css-trap","row-elena","held-out","mizchi","eligible","correct","2.9087500000005093","1","","","",""
"css-trap","row-igor","held-out","resolver-v2","eligible","correct","1.2999999970197678","","43","semantic","",""
"css-trap","row-igor","held-out","finder-default","eligible","correct","2.59362499999952","1","","","",""
"css-trap","row-igor","held-out","finder-filtered","eligible","correct","2.72241700000086","1","","","",""
"css-trap","row-igor","held-out","dom-to-locator","eligible","correct","3.0745000000006257","1","","","",""
"css-trap","row-igor","held-out","mizchi","eligible","correct","2.884250000000975","1","","","",""
"semantic-trap","text","development","resolver-v2","eligible","correct","4.4000000059604645","","42","semantic","",""
"semantic-trap","text","development","finder-default","eligible","correct","3.350709000000279","1","","","",""
"semantic-trap","text","development","finder-filtered","eligible","correct","2.7102500000000873","1","","","",""
"semantic-trap","text","development","dom-to-locator","eligible","correct","5.163833999999042","1","","","",""
"semantic-trap","text","development","mizchi","eligible","correct","3.469208999998955","1","","","",""
"semantic-trap","email","development","resolver-v2","eligible","correct","1.5","","42","semantic","",""
"semantic-trap","email","development","finder-default","eligible","correct","2.886459000001196","1","","","",""
"semantic-trap","email","development","finder-filtered","eligible","correct","3.403374999999869","1","","","",""
"semantic-trap","email","development","dom-to-locator","eligible","correct","3.57825000000048","1","","","",""
"semantic-trap","email","development","mizchi","eligible","correct","3.1728750000002037","1","","","",""
"semantic-trap","select","development","resolver-v2","eligible","correct","1.4000000059604645","","42","semantic","",""
"semantic-trap","select","development","finder-default","eligible","correct","3.1164580000004207","1","","","",""
"semantic-trap","select","development","finder-filtered","eligible","correct","2.5426250000000437","1","","","",""
"semantic-trap","select","development","dom-to-locator","eligible","correct","2.6939170000005106","1","","","",""
"semantic-trap","select","development","mizchi","eligible","correct","2.4162079999987327","1","","","",""
"semantic-trap","number","development","resolver-v2","eligible","correct","1.2999999970197678","","42","semantic","",""
"semantic-trap","number","development","finder-default","eligible","correct","3.454874999999447","1","","","",""
"semantic-trap","number","development","finder-filtered","eligible","correct","2.5694169999987935","1","","","",""
"semantic-trap","number","development","dom-to-locator","eligible","correct","4.110124999999243","1","","","",""
"semantic-trap","number","development","mizchi","eligible","correct","2.673499999998967","1","","","",""
"semantic-trap","checkbox","development","resolver-v2","eligible","correct","1.4000000059604645","","42","semantic","",""
"semantic-trap","checkbox","development","finder-default","eligible","correct","2.954583000000639","1","","","",""
"semantic-trap","checkbox","development","finder-filtered","eligible","correct","2.7502089999998134","1","","","",""
"semantic-trap","checkbox","development","dom-to-locator","eligible","correct","3.166957999999795","1","","","",""
"semantic-trap","checkbox","development","mizchi","eligible","correct","2.606166999999914","1","","","",""
"semantic-trap","switch","development","resolver-v2","eligible","correct","1.2999999970197678","","42","semantic","",""
"semantic-trap","switch","development","finder-default","eligible","correct","3.064291000000594","1","","","",""
"semantic-trap","switch","development","finder-filtered","eligible","correct","2.803165999999692","1","","","",""
"semantic-trap","switch","development","dom-to-locator","eligible","correct","3.6033749999987776","1","","","",""
"semantic-trap","switch","development","mizchi","eligible","correct","2.78583400000025","1","","","",""
"semantic-trap","textarea","development","resolver-v2","eligible","correct","1.300000011920929","","42","semantic","",""
"semantic-trap","textarea","development","finder-default","eligible","correct","3.046415999999226","1","","","",""
"semantic-trap","textarea","development","finder-filtered","eligible","correct","2.54595800000061","1","","","",""
"semantic-trap","textarea","development","dom-to-locator","eligible","correct","3.247165999999197","1","","","",""
"semantic-trap","textarea","development","mizchi","eligible","correct","2.694499999999607","1","","","",""
"semantic-trap","date","development","resolver-v2","eligible","correct","1.300000011920929","","42","semantic","",""
"semantic-trap","date","development","finder-default","eligible","correct","3.223541999999725","1","","","",""
"semantic-trap","date","development","finder-filtered","eligible","correct","3.517708000001221","1","","","",""
"semantic-trap","date","development","dom-to-locator","eligible","correct","5.332874999998239","1","","","",""
"semantic-trap","date","development","mizchi","eligible","correct","3.053915999998935","1","","","",""
"semantic-trap","continue","development","resolver-v2","replaced-entity","broken","1.5","","42","","insufficient-evidence",""
"semantic-trap","continue","development","finder-default","replaced-entity","wrong","3.1053330000013375","1","","","",""
"semantic-trap","continue","development","finder-filtered","replaced-entity","wrong","2.837166999999681","1","","","",""
"semantic-trap","continue","development","dom-to-locator","replaced-entity","wrong","7.684249999998428","1","","","",""
"semantic-trap","continue","development","mizchi","replaced-entity","wrong","3.3370839999988675","1","","","",""
"semantic-trap","icon-button","development","resolver-v2","eligible","correct","1.5","","42","semantic","",""
"semantic-trap","icon-button","development","finder-default","eligible","correct","3.5487909999992553","1","","","",""
"semantic-trap","icon-button","development","finder-filtered","eligible","correct","2.1761249999999563","1","","","",""
"semantic-trap","icon-button","development","dom-to-locator","eligible","correct","3.040791999999783","1","","","",""
"semantic-trap","icon-button","development","mizchi","eligible","correct","2.7706249999991996","1","","","",""
"semantic-trap","repeat-anna","development","resolver-v2","eligible","correct","1.2000000029802322","","42","semantic","",""
"semantic-trap","repeat-anna","development","finder-default","eligible","correct","2.9365000000016153","1","","","",""
"semantic-trap","repeat-anna","development","finder-filtered","eligible","correct","2.6797499999993306","1","","","",""
"semantic-trap","repeat-anna","development","dom-to-locator","eligible","correct","2.9299580000006245","1","","","",""
"semantic-trap","repeat-anna","development","mizchi","eligible","correct","2.7318750000013097","1","","","",""
"semantic-trap","repeat-boris","development","resolver-v2","eligible","correct","1.2000000029802322","","42","semantic","",""
"semantic-trap","repeat-boris","development","finder-default","eligible","correct","3.2025419999990845","1","","","",""
"semantic-trap","repeat-boris","development","finder-filtered","eligible","correct","3.839916999999332","1","","","",""
"semantic-trap","repeat-boris","development","dom-to-locator","eligible","correct","2.9761670000007143","1","","","",""
"semantic-trap","repeat-boris","development","mizchi","eligible","correct","3.632832999999664","1","","","",""
"semantic-trap","indistinguishable-a","development","resolver-v2","indistinguishable","ambiguous","1.300000011920929","","42","","duplicate-context",""
"semantic-trap","indistinguishable-a","development","finder-default","indistinguishable","wrong","2.8972090000006574","1","","","",""
"semantic-trap","indistinguishable-a","development","finder-filtered","indistinguishable","wrong","2.6738750000004075","1","","","",""
"semantic-trap","indistinguishable-a","development","dom-to-locator","indistinguishable","wrong","3.1726660000003903","1","","","",""
"semantic-trap","indistinguishable-a","development","mizchi","indistinguishable","wrong","2.7075000000004366","1","","","",""
"semantic-trap","indistinguishable-b","development","resolver-v2","indistinguishable","ambiguous","1.199999988079071","","42","","duplicate-context",""
"semantic-trap","indistinguishable-b","development","finder-default","indistinguishable","wrong","3.161667000000307","1","","","",""
"semantic-trap","indistinguishable-b","development","finder-filtered","indistinguishable","wrong","2.3636249999999563","1","","","",""
"semantic-trap","indistinguishable-b","development","dom-to-locator","indistinguishable","wrong","3.889791999999943","1","","","",""
"semantic-trap","indistinguishable-b","development","mizchi","indistinguishable","wrong","2.8904160000001866","1","","","",""
"semantic-trap","phone","held-out","resolver-v2","eligible","correct","1.3999999910593033","","42","semantic","",""
"semantic-trap","phone","held-out","finder-default","eligible","correct","3.1667080000006536","1","","","",""
"semantic-trap","phone","held-out","finder-filtered","eligible","correct","2.4046670000006998","1","","","",""
"semantic-trap","phone","held-out","dom-to-locator","eligible","correct","2.735791999999492","1","","","",""
"semantic-trap","phone","held-out","mizchi","eligible","correct","2.843582999999853","1","","","",""
"semantic-trap","url","held-out","resolver-v2","eligible","correct","1.2999999970197678","","42","semantic","",""
"semantic-trap","url","held-out","finder-default","eligible","correct","2.805791999999201","1","","","",""
"semantic-trap","url","held-out","finder-filtered","eligible","correct","2.673833000000741","1","","","",""
"semantic-trap","url","held-out","dom-to-locator","eligible","correct","3.187207999999373","1","","","",""
"semantic-trap","url","held-out","mizchi","eligible","correct","2.8275829999984126","1","","","",""
"semantic-trap","placeholder-search","held-out","resolver-v2","eligible","correct","1.4000000059604645","","42","semantic","",""
"semantic-trap","placeholder-search","held-out","finder-default","eligible","correct","3.7328340000003664","1","","","",""
"semantic-trap","placeholder-search","held-out","finder-filtered","eligible","correct","3.1520000000000437","1","","","",""
"semantic-trap","placeholder-search","held-out","dom-to-locator","eligible","correct","2.5665420000004815","1","","","",""
"semantic-trap","placeholder-search","held-out","mizchi","eligible","correct","2.910374999999476","1","","","",""
"semantic-trap","aria-name","held-out","resolver-v2","eligible","correct","1.4000000059604645","","42","semantic","",""
"semantic-trap","aria-name","held-out","finder-default","eligible","correct","3.0994170000012673","1","","","",""
"semantic-trap","aria-name","held-out","finder-filtered","eligible","correct","2.5196670000004815","1","","","",""
"semantic-trap","aria-name","held-out","dom-to-locator","eligible","correct","3.37487499999952","1","","","",""
"semantic-trap","aria-name","held-out","mizchi","eligible","correct","2.457749999999578","1","","","",""
"semantic-trap","quantity","held-out","resolver-v2","eligible","correct","1.2000000029802322","","42","semantic","",""
"semantic-trap","quantity","held-out","finder-default","eligible","correct","2.65008300000045","1","","","",""
"semantic-trap","quantity","held-out","finder-filtered","eligible","correct","2.2303330000013375","1","","","",""
"semantic-trap","quantity","held-out","dom-to-locator","eligible","correct","3.1875830000008136","1","","","",""
"semantic-trap","quantity","held-out","mizchi","eligible","correct","2.626834000000599","1","","","",""
"semantic-trap","radio-online","held-out","resolver-v2","eligible","correct","1.2000000029802322","","42","semantic","",""
"semantic-trap","radio-online","held-out","finder-default","eligible","correct","2.9058329999988928","1","","","",""
"semantic-trap","radio-online","held-out","finder-filtered","eligible","correct","2.479290999999648","1","","","",""
"semantic-trap","radio-online","held-out","dom-to-locator","eligible","correct","3.2777920000007725","1","","","",""
"semantic-trap","radio-online","held-out","mizchi","eligible","correct","2.5026250000009895","1","","","",""
"semantic-trap","radio-office","held-out","resolver-v2","eligible","correct","1.3999999910593033","","42","semantic","",""
"semantic-trap","radio-office","held-out","finder-default","eligible","correct","2.8114580000001297","1","","","",""
"semantic-trap","radio-office","held-out","finder-filtered","eligible","correct","2.3871670000007725","1","","","",""
"semantic-trap","radio-office","held-out","dom-to-locator","eligible","correct","2.766125000000102","1","","","",""
"semantic-trap","radio-office","held-out","mizchi","eligible","correct","2.3927089999997406","1","","","",""
"semantic-trap","readonly","held-out","resolver-v2","eligible","correct","1.2000000029802322","","42","semantic","",""
"semantic-trap","readonly","held-out","finder-default","eligible","correct","2.852333999999246","1","","","",""
"semantic-trap","readonly","held-out","finder-filtered","eligible","correct","3.1490410000005795","1","","","",""
"semantic-trap","readonly","held-out","dom-to-locator","eligible","correct","3.420625000000655","1","","","",""
"semantic-trap","readonly","held-out","mizchi","eligible","correct","2.799458000001323","1","","","",""
"semantic-trap","disabled","held-out","resolver-v2","disabled","broken","1.2999999970197678","","42","","insufficient-evidence",""
"semantic-trap","disabled","held-out","finder-default","disabled","wrong","3.0029579999991256","1","","","",""
"semantic-trap","disabled","held-out","finder-filtered","disabled","wrong","2.501417000001311","1","","","",""
"semantic-trap","disabled","held-out","dom-to-locator","disabled","wrong","3.287125000000742","1","","","",""
"semantic-trap","disabled","held-out","mizchi","disabled","wrong","2.7201249999998254","1","","","",""
"semantic-trap","link","held-out","resolver-v2","eligible","correct","1.0999999940395355","","42","semantic","",""
"semantic-trap","link","held-out","finder-default","eligible","correct","2.975749999999607","1","","","",""
"semantic-trap","link","held-out","finder-filtered","eligible","correct","2.4023749999996653","1","","","",""
"semantic-trap","link","held-out","dom-to-locator","eligible","correct","2.729917000000569","1","","","",""
"semantic-trap","link","held-out","mizchi","eligible","correct","2.6743750000005093","1","","","",""
"semantic-trap","title-button","held-out","resolver-v2","eligible","correct","1.2999999970197678","","42","semantic","",""
"semantic-trap","title-button","held-out","finder-default","eligible","correct","3.053708999999799","1","","","",""
"semantic-trap","title-button","held-out","finder-filtered","eligible","correct","2.7506670000002487","1","","","",""
"semantic-trap","title-button","held-out","dom-to-locator","eligible","correct","2.8439589999998134","1","","","",""
"semantic-trap","title-button","held-out","mizchi","eligible","correct","2.8212080000012065","1","","","",""
"semantic-trap","second-textarea","held-out","resolver-v2","eligible","correct","1.4000000059604645","","42","semantic","",""
"semantic-trap","second-textarea","held-out","finder-default","eligible","correct","2.6600409999991825","1","","","",""
"semantic-trap","second-textarea","held-out","finder-filtered","eligible","correct","2.266291000001729","1","","","",""
"semantic-trap","second-textarea","held-out","dom-to-locator","eligible","correct","3.1946250000000873","1","","","",""
"semantic-trap","second-textarea","held-out","mizchi","eligible","correct","2.824916999999914","1","","","",""
"semantic-trap","row-elena","held-out","resolver-v2","eligible","correct","1.199999988079071","","42","semantic","",""
"semantic-trap","row-elena","held-out","finder-default","eligible","correct","2.8724590000001626","1","","","",""
"semantic-trap","row-elena","held-out","finder-filtered","eligible","correct","2.54595800000061","1","","","",""
"semantic-trap","row-elena","held-out","dom-to-locator","eligible","correct","3.525375000001077","1","","","",""
"semantic-trap","row-elena","held-out","mizchi","eligible","correct","3.528666999998677","1","","","",""
"semantic-trap","row-igor","held-out","resolver-v2","eligible","correct","1.2000000029802322","","42","semantic","",""
"semantic-trap","row-igor","held-out","finder-default","eligible","correct","3.50066599999991","1","","","",""
"semantic-trap","row-igor","held-out","finder-filtered","eligible","correct","3.532959000000119","1","","","",""
"semantic-trap","row-igor","held-out","dom-to-locator","eligible","correct","4.124625000000378","1","","","",""
"semantic-trap","row-igor","held-out","mizchi","eligible","correct","10.779042000000118","1","","","",""
"same-dom-new-entity","text","development","resolver-v2","eligible","correct","4.299999997019768","","42","semantic","",""
"same-dom-new-entity","text","development","finder-default","eligible","correct","3.2296670000014274","1","","","",""
"same-dom-new-entity","text","development","finder-filtered","eligible","correct","2.7371669999993173","1","","","",""
"same-dom-new-entity","text","development","dom-to-locator","eligible","correct","5.940790999999081","1","","","",""
"same-dom-new-entity","text","development","mizchi","eligible","correct","3.9520830000001297","1","","","",""
"same-dom-new-entity","email","development","resolver-v2","eligible","correct","1.7000000029802322","","42","semantic","",""
"same-dom-new-entity","email","development","finder-default","eligible","correct","3.3291250000002037","1","","","",""
"same-dom-new-entity","email","development","finder-filtered","eligible","correct","2.840541999999914","1","","","",""
"same-dom-new-entity","email","development","dom-to-locator","eligible","correct","3.8459579999998823","1","","","",""
"same-dom-new-entity","email","development","mizchi","eligible","correct","3.4135839999999007","1","","","",""
"same-dom-new-entity","select","development","resolver-v2","eligible","correct","1.5","","42","semantic","",""
"same-dom-new-entity","select","development","finder-default","eligible","correct","2.9587499999997817","1","","","",""
"same-dom-new-entity","select","development","finder-filtered","eligible","correct","2.836875000000873","1","","","",""
"same-dom-new-entity","select","development","dom-to-locator","eligible","correct","2.9375","1","","","",""
"same-dom-new-entity","select","development","mizchi","eligible","correct","2.5660829999997077","1","","","",""
"same-dom-new-entity","number","development","resolver-v2","eligible","correct","1.7000000029802322","","42","semantic","",""
"same-dom-new-entity","number","development","finder-default","eligible","correct","3.3682499999995343","1","","","",""
"same-dom-new-entity","number","development","finder-filtered","eligible","correct","2.9464590000006865","1","","","",""
"same-dom-new-entity","number","development","dom-to-locator","eligible","correct","4.360666000000492","1","","","",""
"same-dom-new-entity","number","development","mizchi","eligible","correct","3.147833000000901","1","","","",""
"same-dom-new-entity","checkbox","development","resolver-v2","eligible","correct","1.5","","42","semantic","",""
"same-dom-new-entity","checkbox","development","finder-default","eligible","correct","3.001750000001266","1","","","",""
"same-dom-new-entity","checkbox","development","finder-filtered","eligible","correct","2.73895900000025","1","","","",""
"same-dom-new-entity","checkbox","development","dom-to-locator","eligible","correct","4.355750000000626","1","","","",""
"same-dom-new-entity","checkbox","development","mizchi","eligible","correct","2.9779170000001614","1","","","",""
"same-dom-new-entity","switch","development","resolver-v2","eligible","correct","1.5","","42","semantic","",""
"same-dom-new-entity","switch","development","finder-default","eligible","correct","2.9759999999987485","1","","","",""
"same-dom-new-entity","switch","development","finder-filtered","eligible","correct","2.8629579999997077","1","","","",""
"same-dom-new-entity","switch","development","dom-to-locator","eligible","correct","3.0663339999991877","1","","","",""
"same-dom-new-entity","switch","development","mizchi","eligible","correct","2.9629170000007434","1","","","",""
"same-dom-new-entity","textarea","development","resolver-v2","eligible","correct","1.2999999970197678","","42","semantic","",""
"same-dom-new-entity","textarea","development","finder-default","eligible","correct","3.0599160000001575","1","","","",""
"same-dom-new-entity","textarea","development","finder-filtered","eligible","correct","2.337541999999303","1","","","",""
"same-dom-new-entity","textarea","development","dom-to-locator","eligible","correct","3.5060410000005504","1","","","",""
"same-dom-new-entity","textarea","development","mizchi","eligible","correct","2.8093749999989086","1","","","",""
"same-dom-new-entity","date","development","resolver-v2","eligible","correct","1.7999999970197678","","42","semantic","",""
"same-dom-new-entity","date","development","finder-default","eligible","correct","2.8936670000002778","1","","","",""
"same-dom-new-entity","date","development","finder-filtered","eligible","correct","2.68370799999866","1","","","",""
"same-dom-new-entity","date","development","dom-to-locator","eligible","correct","3.29175000000032","1","","","",""
"same-dom-new-entity","date","development","mizchi","eligible","correct","2.5052919999998267","1","","","",""
"same-dom-new-entity","continue","development","resolver-v2","replaced-entity","wrong","1.6000000089406967","","42","semantic","",""
"same-dom-new-entity","continue","development","finder-default","replaced-entity","wrong","2.9410829999997077","1","","","",""
"same-dom-new-entity","continue","development","finder-filtered","replaced-entity","wrong","2.775499999999738","1","","","",""
"same-dom-new-entity","continue","development","dom-to-locator","replaced-entity","wrong","4.621333000000959","1","","","",""
"same-dom-new-entity","continue","development","mizchi","replaced-entity","wrong","3.4420829999999114","1","","","",""
"same-dom-new-entity","icon-button","development","resolver-v2","eligible","correct","1.4000000059604645","","42","semantic","",""
"same-dom-new-entity","icon-button","development","finder-default","eligible","correct","2.804583000001003","1","","","",""
"same-dom-new-entity","icon-button","development","finder-filtered","eligible","correct","2.7784580000006827","1","","","",""
"same-dom-new-entity","icon-button","development","dom-to-locator","eligible","correct","3.1835839999985183","1","","","",""
"same-dom-new-entity","icon-button","development","mizchi","eligible","correct","5.330250000000888","1","","","",""
"same-dom-new-entity","repeat-anna","development","resolver-v2","eligible","correct","1.2999999970197678","","42","semantic","",""
"same-dom-new-entity","repeat-anna","development","finder-default","eligible","correct","2.6059169999989535","1","","","",""
"same-dom-new-entity","repeat-anna","development","finder-filtered","eligible","correct","2.5654580000009446","1","","","",""
"same-dom-new-entity","repeat-anna","development","dom-to-locator","eligible","correct","2.642291000000114","1","","","",""
"same-dom-new-entity","repeat-anna","development","mizchi","eligible","correct","2.800083000000086","1","","","",""
"same-dom-new-entity","repeat-boris","development","resolver-v2","eligible","correct","1.2000000029802322","","42","semantic","",""
"same-dom-new-entity","repeat-boris","development","finder-default","eligible","correct","3.0115829999995185","1","","","",""
"same-dom-new-entity","repeat-boris","development","finder-filtered","eligible","correct","2.6154999999998836","1","","","",""
"same-dom-new-entity","repeat-boris","development","dom-to-locator","eligible","correct","2.897208000000319","1","","","",""
"same-dom-new-entity","repeat-boris","development","mizchi","eligible","correct","2.6469170000000304","1","","","",""
"same-dom-new-entity","indistinguishable-a","development","resolver-v2","indistinguishable","ambiguous","1.1000000089406967","","42","","duplicate-context",""
"same-dom-new-entity","indistinguishable-a","development","finder-default","indistinguishable","wrong","2.472250000000713","1","","","",""
"same-dom-new-entity","indistinguishable-a","development","finder-filtered","indistinguishable","wrong","3.337166999999681","1","","","",""
"same-dom-new-entity","indistinguishable-a","development","dom-to-locator","indistinguishable","wrong","3.689209000000119","1","","","",""
"same-dom-new-entity","indistinguishable-a","development","mizchi","indistinguishable","wrong","3.527874999999767","1","","","",""
"same-dom-new-entity","indistinguishable-b","development","resolver-v2","indistinguishable","ambiguous","1.2999999970197678","","42","","duplicate-context",""
"same-dom-new-entity","indistinguishable-b","development","finder-default","indistinguishable","wrong","2.6990829999995185","1","","","",""
"same-dom-new-entity","indistinguishable-b","development","finder-filtered","indistinguishable","wrong","2.517374999999447","1","","","",""
"same-dom-new-entity","indistinguishable-b","development","dom-to-locator","indistinguishable","wrong","3.134165999999823","1","","","",""
"same-dom-new-entity","indistinguishable-b","development","mizchi","indistinguishable","wrong","3.0379999999986467","1","","","",""
"same-dom-new-entity","phone","held-out","resolver-v2","eligible","correct","1.300000011920929","","42","semantic","",""
"same-dom-new-entity","phone","held-out","finder-default","eligible","correct","3.07445799999914","1","","","",""
"same-dom-new-entity","phone","held-out","finder-filtered","eligible","correct","2.4299579999988055","1","","","",""
"same-dom-new-entity","phone","held-out","dom-to-locator","eligible","correct","3.345499999999447","1","","","",""
"same-dom-new-entity","phone","held-out","mizchi","eligible","correct","2.8624999999992724","1","","","",""
"same-dom-new-entity","url","held-out","resolver-v2","eligible","correct","1.4000000059604645","","42","semantic","",""
"same-dom-new-entity","url","held-out","finder-default","eligible","correct","2.914875000000393","1","","","",""
"same-dom-new-entity","url","held-out","finder-filtered","eligible","correct","2.4851660000003903","1","","","",""
"same-dom-new-entity","url","held-out","dom-to-locator","eligible","correct","3.2980829999996786","1","","","",""
"same-dom-new-entity","url","held-out","mizchi","eligible","correct","2.664666999999099","1","","","",""
"same-dom-new-entity","placeholder-search","held-out","resolver-v2","eligible","correct","1.199999988079071","","42","semantic","",""
"same-dom-new-entity","placeholder-search","held-out","finder-default","eligible","correct","3.805540999999721","1","","","",""
"same-dom-new-entity","placeholder-search","held-out","finder-filtered","eligible","correct","2.724458999999115","1","","","",""
"same-dom-new-entity","placeholder-search","held-out","dom-to-locator","eligible","correct","2.7426249999989523","1","","","",""
"same-dom-new-entity","placeholder-search","held-out","mizchi","eligible","correct","2.5917499999995925","1","","","",""
"same-dom-new-entity","aria-name","held-out","resolver-v2","eligible","correct","1.3999999910593033","","42","semantic","",""
"same-dom-new-entity","aria-name","held-out","finder-default","eligible","correct","6.674666999999317","1","","","",""
"same-dom-new-entity","aria-name","held-out","finder-filtered","eligible","correct","2.6887920000008307","1","","","",""
"same-dom-new-entity","aria-name","held-out","dom-to-locator","eligible","correct","3.3305830000008427","1","","","",""
"same-dom-new-entity","aria-name","held-out","mizchi","eligible","correct","2.6488750000007713","1","","","",""
"same-dom-new-entity","quantity","held-out","resolver-v2","eligible","correct","1.2999999970197678","","42","semantic","",""
"same-dom-new-entity","quantity","held-out","finder-default","eligible","correct","3.084332999998878","1","","","",""
"same-dom-new-entity","quantity","held-out","finder-filtered","eligible","correct","2.4978339999997843","1","","","",""
"same-dom-new-entity","quantity","held-out","dom-to-locator","eligible","correct","3.359416000001147","1","","","",""
"same-dom-new-entity","quantity","held-out","mizchi","eligible","correct","2.768833000000086","1","","","",""
"same-dom-new-entity","radio-online","held-out","resolver-v2","eligible","correct","1.3999999910593033","","42","semantic","",""
"same-dom-new-entity","radio-online","held-out","finder-default","eligible","correct","2.8610420000004524","1","","","",""
"same-dom-new-entity","radio-online","held-out","finder-filtered","eligible","correct","2.6822080000001733","1","","","",""
"same-dom-new-entity","radio-online","held-out","dom-to-locator","eligible","correct","2.8071249999993597","1","","","",""
"same-dom-new-entity","radio-online","held-out","mizchi","eligible","correct","2.625958000000537","1","","","",""
"same-dom-new-entity","radio-office","held-out","resolver-v2","eligible","correct","1.2999999970197678","","42","semantic","",""
"same-dom-new-entity","radio-office","held-out","finder-default","eligible","correct","2.8137079999996786","1","","","",""
"same-dom-new-entity","radio-office","held-out","finder-filtered","eligible","correct","5.289292000001296","1","","","",""
"same-dom-new-entity","radio-office","held-out","dom-to-locator","eligible","correct","2.8211670000000595","1","","","",""
"same-dom-new-entity","radio-office","held-out","mizchi","eligible","correct","2.7344169999996666","1","","","",""
"same-dom-new-entity","readonly","held-out","resolver-v2","eligible","correct","1.2000000029802322","","42","semantic","",""
"same-dom-new-entity","readonly","held-out","finder-default","eligible","correct","2.926499999999578","1","","","",""
"same-dom-new-entity","readonly","held-out","finder-filtered","eligible","correct","2.6289159999996627","1","","","",""
"same-dom-new-entity","readonly","held-out","dom-to-locator","eligible","correct","3.064749999999549","1","","","",""
"same-dom-new-entity","readonly","held-out","mizchi","eligible","correct","2.504166000000623","1","","","",""
"same-dom-new-entity","disabled","held-out","resolver-v2","disabled","broken","1.5999999940395355","","42","","insufficient-evidence",""
"same-dom-new-entity","disabled","held-out","finder-default","disabled","wrong","3.231374999999389","1","","","",""
"same-dom-new-entity","disabled","held-out","finder-filtered","disabled","wrong","2.6692499999990105","1","","","",""
"same-dom-new-entity","disabled","held-out","dom-to-locator","disabled","wrong","3.6206659999988915","1","","","",""
"same-dom-new-entity","disabled","held-out","mizchi","disabled","wrong","2.5905000000002474","1","","","",""
"same-dom-new-entity","link","held-out","resolver-v2","eligible","correct","1.2000000029802322","","42","semantic","",""
"same-dom-new-entity","link","held-out","finder-default","eligible","correct","2.9973750000008295","1","","","",""
"same-dom-new-entity","link","held-out","finder-filtered","eligible","correct","2.2464170000002923","1","","","",""
"same-dom-new-entity","link","held-out","dom-to-locator","eligible","correct","2.8469999999997526","1","","","",""
"same-dom-new-entity","link","held-out","mizchi","eligible","correct","3.3069589999995515","1","","","",""
"same-dom-new-entity","title-button","held-out","resolver-v2","eligible","correct","1.2999999970197678","","42","semantic","",""
"same-dom-new-entity","title-button","held-out","finder-default","eligible","correct","3.2929170000006707","1","","","",""
"same-dom-new-entity","title-button","held-out","finder-filtered","eligible","correct","2.7062910000004194","1","","","",""
"same-dom-new-entity","title-button","held-out","dom-to-locator","eligible","correct","2.9835000000002765","1","","","",""
"same-dom-new-entity","title-button","held-out","mizchi","eligible","correct","2.9655000000002474","1","","","",""
"same-dom-new-entity","second-textarea","held-out","resolver-v2","eligible","correct","1.2999999970197678","","42","semantic","",""
"same-dom-new-entity","second-textarea","held-out","finder-default","eligible","correct","3.0010419999998703","1","","","",""
"same-dom-new-entity","second-textarea","held-out","finder-filtered","eligible","correct","2.5216249999994034","1","","","",""
"same-dom-new-entity","second-textarea","held-out","dom-to-locator","eligible","correct","3.417542000001049","1","","","",""
"same-dom-new-entity","second-textarea","held-out","mizchi","eligible","correct","2.8543750000008004","1","","","",""
"same-dom-new-entity","row-elena","held-out","resolver-v2","eligible","correct","1.3999999910593033","","42","semantic","",""
"same-dom-new-entity","row-elena","held-out","finder-default","eligible","correct","2.8470830000005662","1","","","",""
"same-dom-new-entity","row-elena","held-out","finder-filtered","eligible","correct","2.630583000000115","1","","","",""
"same-dom-new-entity","row-elena","held-out","dom-to-locator","eligible","correct","3.606459000000541","1","","","",""
"same-dom-new-entity","row-elena","held-out","mizchi","eligible","correct","2.905291999999463","1","","","",""
"same-dom-new-entity","row-igor","held-out","resolver-v2","eligible","correct","1.5999999940395355","","42","semantic","",""
"same-dom-new-entity","row-igor","held-out","finder-default","eligible","correct","3.0629580000004353","1","","","",""
"same-dom-new-entity","row-igor","held-out","finder-filtered","eligible","correct","2.557290999999168","1","","","",""
"same-dom-new-entity","row-igor","held-out","dom-to-locator","eligible","correct","3.5780830000003334","1","","","",""
"same-dom-new-entity","row-igor","held-out","mizchi","eligible","correct","3.1178749999999127","1","","","",""
